id,real_image_src
12088569,//image.brilliantearth.com/media/cache/bd/ce/bdce44e44f52ab96ff48e256fad7d4b3.jpg
12394861,//image.brilliantearth.com/media/cache/78/12/781298f18d49bfb0ee0d969e04af7831.jpg
12297877,//image.brilliantearth.com/media/cache/97/29/972999d21c975d2d7297fa6b37e46c13.jpg
12436059,//image.brilliantearth.com/media/cache/db/65/db6580987c0f324d39cb988a709126a9.jpg
12427801,//image.brilliantearth.com/media/cache/69/1a/691a554a70184d876814408b54c917e0.jpg
12178343,//image.brilliantearth.com/media/cache/fb/75/fb757d8a3846a7e1c6729b1f15a16097.jpg
12294480,//image.brilliantearth.com/media/cache/33/fa/33fa1ddd76c89e25c50a972437c13eed.jpg
12444979,//image.brilliantearth.com/media/cache/56/21/56219d751119ff548dc70e20cd260110.jpg
12443756,//image.brilliantearth.com/media/cache/6a/1d/6a1d7fe945518e88a6cdb0a05a7f7b85.jpg
12445407,//image.brilliantearth.com/media/cache/6c/59/6c5931fe5334f8c2c67c460d6fc08061.jpg
12444757,//image.brilliantearth.com/media/cache/61/58/61585f4ecfb58b3d0206d5bb4ec39db9.jpg
12435251,//image.brilliantearth.com/media/cache/f8/4d/f84d1d169da7fb6ef1d7e2b45e0ad398.jpg
12433529,//image.brilliantearth.com/media/cache/1a/b2/1ab259cf5a34dd35fbab055da176038b.jpg
12358141,//image.brilliantearth.com/media/cache/92/6b/926b590e702d749445b6b0ba0e09eb80.jpg
12297976,//image.brilliantearth.com/media/cache/cd/8d/cd8d237c6b7ab532c5596853fd9d6501.jpg
12170284,//image.brilliantearth.com/media/cache/2b/53/2b53d92dfa4c75fddf9cf15bb682a222.jpg
12020511,//image.brilliantearth.com/media/cache/e9/18/e91805f1cc0db942417fb2df8e9ef46b.jpg
11990037,//image.brilliantearth.com/media/cache/bc/e2/bce23582dfbff45599a21df3f2ea4c6f.jpg
11989370,//image.brilliantearth.com/media/cache/b5/af/b5afeabe73f479c3e34f5fb42ae21518.jpg
11955710,//image.brilliantearth.com/media/cache/fe/71/fe7107cd8069e9e8ded70e3ef87f8b5b.jpg
12479770,//image.brilliantearth.com/media/cache/f8/69/f8691781b97d773968649a6b3c27c910.jpg
12479587,//image.brilliantearth.com/media/cache/f4/8c/f48c8911e89dbe8681ace0a47645d366.jpg
12479981,//image.brilliantearth.com/media/cache/d7/a1/d7a140fc88e5f88a6aa50dd64022f706.jpg
12479885,//image.brilliantearth.com/media/cache/0f/35/0f35221cba074aeeb707e354039eea3f.jpg
12469665,//image.brilliantearth.com/media/cache/94/12/9412a5440fdf471c387e634f3bce27b2.jpg
12311253,//image.brilliantearth.com/media/cache/87/67/8767910553cb753c89267f47732f5134.jpg
12367882,//image.brilliantearth.com/media/cache/e3/97/e397ff5bf8272c7b5949eb1c5d259f3d.jpg
12340852,//image.brilliantearth.com/media/cache/b5/ac/b5acd6a30e4d67ae3e9e619bb6a1dae9.jpg
12437100,//image.brilliantearth.com/media/cache/32/a3/32a3f99488ddea09e412254b7e4e4bd8.jpg
12437262,//image.brilliantearth.com/media/cache/79/1c/791c480e8c4e51a9eb9aaa8723c2bb82.jpg
12437173,//image.brilliantearth.com/media/cache/08/1f/081f45b361517daa57b98119bd507776.jpg
12440656,//image.brilliantearth.com/media/cache/1d/5a/1d5a4806cbd44eaa100887129d3da8dd.jpg
12440801,//image.brilliantearth.com/media/cache/66/80/6680cad689d74b212ea05010d085fdff.jpg
12500069,//image.brilliantearth.com/media/cache/d8/f3/d8f347a158079cae3f5ed9cec1ddf83d.jpg
12099095,//image.brilliantearth.com/media/cache/10/f0/10f00bf4760b822f6df49250868035f0.jpg
12357934,//image.brilliantearth.com/media/cache/37/1f/371fd97d59be5e8b85aab275c9b2fa47.jpg
12311682,//image.brilliantearth.com/media/cache/6b/30/6b30ead0647f00604c9f2f9ca492f365.jpg
12434992,//image.brilliantearth.com/media/cache/6e/f5/6ef52dfae5dbbeb619c2d71f768daa3e.jpg
12430974,//image.brilliantearth.com/media/cache/fd/97/fd97f3dbfc63b728b563e87a31c4eeaf.jpg
12310874,//image.brilliantearth.com/media/cache/9d/42/9d420631994303f1abbc2d1cc9f68b51.jpg
12315886,//image.brilliantearth.com/media/cache/b0/af/b0af63b088c1e7e5ba486990db01be1a.jpg
12046787,//image.brilliantearth.com/media/cache/4b/a6/4ba6df5c92dcd2a5f5f4560ab3fccee0.jpg
12297652,//image.brilliantearth.com/media/cache/e4/b8/e4b8dbc9a231ac93317c80789d6cc52f.jpg
12396584,//image.brilliantearth.com/media/cache/25/0f/250f13f64f1a749c66391d7b3a246f9c.jpg
12415563,//image.brilliantearth.com/media/cache/6c/27/6c2763f23b53f5d7a3f0411b110b208b.jpg
12357992,//image.brilliantearth.com/media/cache/60/c9/60c936f8083c84f47580618fa0578b31.jpg
12149059,//image.brilliantearth.com/media/cache/39/ef/39ef984daa22c497db9cc12bae5dd38f.jpg
12364158,//image.brilliantearth.com/media/cache/f2/96/f296b2be5c4481ec0da43dbffdd443a7.jpg
12306514,//image.brilliantearth.com/media/cache/5c/f0/5cf029f73f25774f726c55423704594c.jpg
12480008,//image.brilliantearth.com/media/cache/01/a7/01a7e9ec807c0658e4409e5b754e43b9.jpg
12500068,//image.brilliantearth.com/media/cache/82/51/8251854ef5dd8ec587932bdcb41bdf37.jpg
12373302,//image.brilliantearth.com/media/cache/52/e2/52e2811d1b2d39ac341af8bf2a66387d.jpg
12357745,//image.brilliantearth.com/media/cache/fa/64/fa64406261db571fe17fc7253613a44a.jpg
12430364,//image.brilliantearth.com/media/cache/37/c3/37c30beafc9c137ddb441a34f5987cab.jpg
12430160,//image.brilliantearth.com/media/cache/f3/d9/f3d9911cb860a43ab43783f30709a032.jpg
12445606,//image.brilliantearth.com/media/cache/bd/d9/bdd94b4f470b68618721f14fc48daecd.jpg
11809814,//image.brilliantearth.com/media/cache/60/b5/60b5b9fc99db69a29a18ed928c35e15f.jpg
12358064,//image.brilliantearth.com/media/cache/0d/ed/0ded3345316cdd537956eaada008ee6a.jpg
12428901,//image.brilliantearth.com/media/cache/de/69/de69d4f5d54f253fa71c72804ba108b1.jpg
12479642,//image.brilliantearth.com/media/cache/23/cf/23cf84088105fe02c4a1377f2fe6b399.jpg
12480305,//image.brilliantearth.com/media/cache/a6/60/a660ddea8f45274e95e1f093ac08c421.jpg
12488568,//image.brilliantearth.com/media/cache/2d/9d/2d9d762433e3e5b281b4eda2ee8edc58.jpg
12383379,//image.brilliantearth.com/media/cache/21/4d/214d36b2e07a2507abbde57069392d94.jpg
12443632,//image.brilliantearth.com/media/cache/7d/25/7d253547e7d827c3ce40d2d041e71afe.jpg
11416061,//image.brilliantearth.com/media/cache/c6/30/c630dccb9e6968b187fb7d78cc8eed58.jpg
11416015,//image.brilliantearth.com/media/cache/dc/b2/dcb2a10ab660b7658ab8717d85b55175.jpg
12435932,//image.brilliantearth.com/media/cache/6a/74/6a74467825ee5b334a92ce3d40df3963.jpg
12276163,//image.brilliantearth.com/media/cache/6c/de/6cde7447792624b22cef9a93fabeee1f.jpg
12343747,//image.brilliantearth.com/media/cache/57/6a/576ad1733cddbdedc90e5174ff049a5a.jpg
12445233,//image.brilliantearth.com/media/cache/a2/4c/a24c5884e09a933b2b3cf222d76d8410.jpg
12363070,//image.brilliantearth.com/media/cache/2f/01/2f01f3d956c8826da0ae19f99a0ce2ed.jpg
12445982,//image.brilliantearth.com/media/cache/ad/28/ad2886610f44a8ffb32d1a7a356c1494.jpg
12382845,//image.brilliantearth.com/media/cache/38/a5/38a5ca9ce04d0830ff52f6741c810294.jpg
12447792,//image.brilliantearth.com/media/cache/e8/ff/e8fff8cbf71d3ca5ae2c12e3056ed77d.jpg
12051336,//image.brilliantearth.com/media/cache/12/e5/12e508141d1c45a769ee65b31732c96f.jpg
12444173,//image.brilliantearth.com/media/cache/10/b3/10b38cf496b08c7eeabaec4d41930809.jpg
12277782,//image.brilliantearth.com/media/cache/07/e0/07e045c6b6961c21fdaef66d03624b52.jpg
12427347,//image.brilliantearth.com/media/cache/4e/c0/4ec08da29329049db65a4e5e13381dd2.jpg
12249198,//image.brilliantearth.com/media/cache/0f/c1/0fc1c20c277e7e5905acd56c4838f592.jpg
12195267,//image.brilliantearth.com/media/cache/cb/dd/cbddbc8aef91c5d972e6d7d64004673f.jpg
12500133,//image.brilliantearth.com/media/cache/58/9f/589fa8202ca624395a10557bb8fb705b.jpg
12443149,//image.brilliantearth.com/media/cache/24/55/2455254a00777cf08ddfa0c98985a01d.jpg
12334076,//image.brilliantearth.com/media/cache/42/fe/42fe521ffeb2e5a0c481b91c209a738a.jpg
12344518,//image.brilliantearth.com/media/cache/17/b3/17b36abfa2159188b04db79bae416e4f.jpg
12395889,//image.brilliantearth.com/media/cache/c1/3c/c13c7f213f72d338b152fd769d6187a0.jpg
12428760,//image.brilliantearth.com/media/cache/3a/3e/3a3eda1ff6aa663a1befeb53b57bb1ea.jpg
12269481,//image.brilliantearth.com/media/cache/b1/c9/b1c9c14a240161f83cd41f3358b16dcf.jpg
12469502,//image.brilliantearth.com/media/cache/25/94/259454924701587b7029c2b9bc804041.jpg
12439061,//image.brilliantearth.com/media/cache/f5/de/f5de9b16bc156bfe509997c6cc5326da.jpg
12316329,//image.brilliantearth.com/media/cache/39/1e/391e05d3fc89e6aaf9db7742ba7acbba.jpg
12288547,//image.brilliantearth.com/media/cache/3c/7f/3c7f08f8fb225bd3e3fe1d3ab8a0c997.jpg
12448445,//image.brilliantearth.com/media/cache/79/d6/79d611f13bb06e44c7d0f05944865406.jpg
12343922,//image.brilliantearth.com/media/cache/57/8e/578e34d4d3703e0b33ebced946808e28.jpg
12501078,//image.brilliantearth.com/media/cache/20/55/20551d23e56b13d3f763a0cdf90ec3c0.jpg
12335921,//image.brilliantearth.com/media/cache/6d/f8/6df8de024baa53e7e4994519e60a1ae5.jpg
12373264,//image.brilliantearth.com/media/cache/6f/12/6f12b94b41f2de61dd6b784e5df2ead4.jpg
12443048,//image.brilliantearth.com/media/cache/d7/1c/d71cd35ce3f0b820249a86a050d7a349.jpg
12256047,//image.brilliantearth.com/media/cache/45/4d/454dcbf5a1891d731e0274d723b56afa.jpg
12409552,//image.brilliantearth.com/media/cache/17/52/1752cddb2e9bf0091fb11193b6529257.jpg
12428615,//image.brilliantearth.com/media/cache/79/9e/799e918269e276dede096005985e5414.jpg
12364005,//image.brilliantearth.com/media/cache/af/b9/afb9b7d60264afb5f48aa1a1a0dabe51.jpg
12409168,//image.brilliantearth.com/media/cache/d0/07/d007bf481e2fa4ef61cd468d4ee4c542.jpg
12395488,//image.brilliantearth.com/media/cache/57/6b/576b65c70869121a5440aa85dd7a25e0.jpg
12416509,//image.brilliantearth.com/media/cache/e7/4e/e74e37024bae1cfd2500b64c9df06c4f.jpg
12445588,//image.brilliantearth.com/media/cache/bf/74/bf74a904c967af63c3c4c08da712f8f5.jpg
12343673,//image.brilliantearth.com/media/cache/99/05/99058068e625d85b284280db3c4a212d.jpg
12447645,//image.brilliantearth.com/media/cache/96/50/9650ae66fbd25b858d7acaefc4320aec.jpg
12430345,//image.brilliantearth.com/media/cache/7b/c8/7bc8410e709482b160a01e8014bf6f93.jpg
12447738,//image.brilliantearth.com/media/cache/92/bb/92bbe43e0e5b7c2ea56bedd332ada6ae.jpg
12374325,//image.brilliantearth.com/media/cache/ca/1a/ca1a6e0dab901790b2db60cb01d7194d.jpg
12401916,//image.brilliantearth.com/media/cache/64/3f/643f7b89f44a9ae8589dfcf46f28f82f.jpg
12196049,//image.brilliantearth.com/media/cache/95/8b/958b9414a65eab417ffcb0e2b6408543.jpg
12395616,//image.brilliantearth.com/media/cache/f8/9c/f89cedbfa4f6d6932f54c26c05569252.jpg
12411623,//image.brilliantearth.com/media/cache/83/3b/833b32bc6f32d3431e0dd2f11c6b18ed.jpg
12276947,//image.brilliantearth.com/media/cache/0c/9a/0c9a1518e6a8b9b88ea6d34c2f752c8d.jpg
12448455,//image.brilliantearth.com/media/cache/30/69/30694ed6cd033c9de619a45020b6cacb.jpg
12194835,//image.brilliantearth.com/media/cache/bc/38/bc382f56027e2c60ba05231589d8e432.jpg
12438347,//image.brilliantearth.com/media/cache/c9/eb/c9eb625b3348c454bda82f9c5a9f8bda.jpg
12397232,//image.brilliantearth.com/media/cache/88/b7/88b7a92825397d5f90208db16776fd0f.jpg
12357462,//image.brilliantearth.com/media/cache/b4/82/b4823b192c6ddceecb04b326248e2b11.jpg
12438860,//image.brilliantearth.com/media/cache/06/f0/06f0d299f7d378878231c4389e0720f6.jpg
12411618,//image.brilliantearth.com/media/cache/ce/47/ce47ed8fc3dfcfec620eaff612acf31d.jpg
12444348,//image.brilliantearth.com/media/cache/0e/3d/0e3dc51ab4d839b8912beaf66ebc3c66.jpg
12071458,//image.brilliantearth.com/media/cache/6a/3d/6a3d2fc0407d491ea9d8915e53b61fd2.jpg
12417027,//image.brilliantearth.com/media/cache/1b/ab/1babff15b2c483e8c3671c8e3dde4564.jpg
12443529,//image.brilliantearth.com/media/cache/4e/b3/4eb384f238538ab8dc74d71529748dd2.jpg
12446724,//image.brilliantearth.com/media/cache/6c/35/6c359ef5f5d43a355ce14c914ce81112.jpg
12411626,//image.brilliantearth.com/media/cache/e2/c5/e2c52cafa1c07f8091170835c913c9bd.jpg
12511995,//image.brilliantearth.com/media/cache/3b/e0/3be0414af30c4ab810d6fb87e34dfb58.jpg
12397129,//image.brilliantearth.com/media/cache/a6/11/a6114a04f4a1d76ab167cc216093b08b.jpg
12445938,//image.brilliantearth.com/media/cache/2a/89/2a8915abeff801b9a951c9ab554c5e98.jpg
12444156,//image.brilliantearth.com/media/cache/72/5d/725da83c45122d13a5428f039778a97c.jpg
12376698,//image.brilliantearth.com/media/cache/11/74/1174386edec80890b9d7471440bdc5dd.jpg
12412072,//image.brilliantearth.com/media/cache/a6/55/a655b11c95b02e289726bb0a745ac4f5.jpg
12390016,//image.brilliantearth.com/media/cache/93/f3/93f34298ec6d32843bf32e202bd62ae2.jpg
12057070,//image.brilliantearth.com/media/cache/1b/a9/1ba954395c67c9e00da1aabb3cecf59d.jpg
12397295,//image.brilliantearth.com/media/cache/17/68/1768c40c7aab257dbadcac7f489fb17c.jpg
12372806,//image.brilliantearth.com/media/cache/a7/ee/a7ee1f220a0aaa9fda151e33986d8b2c.jpg
9969742,//image.brilliantearth.com/media/cache/b3/f7/b3f7b7ff19b69589375d2a79aa68dab6.jpg
12223173,//image.brilliantearth.com/media/cache/a9/1a/a91a254862d421d0d124ecbac61fd672.jpg
12443844,//image.brilliantearth.com/media/cache/c9/05/c90528c5157a7f4d6d7e70cf46830dd5.jpg
12447893,//image.brilliantearth.com/media/cache/46/20/4620b2bca335800cafdb052da22162f0.jpg
12447695,//image.brilliantearth.com/media/cache/62/67/626778839ab7bc63d070d029201353a3.jpg
12363411,//image.brilliantearth.com/media/cache/69/95/699594574fbaf84c98f10c0ab9963ac3.jpg
12266353,//image.brilliantearth.com/media/cache/e6/77/e6776efc017c0eb171e6d47b5cb46c7e.jpg
12451483,//image.brilliantearth.com/media/cache/71/b0/71b09010b4142862fe455a55ed1c2266.jpg
12416305,//image.brilliantearth.com/media/cache/f8/e2/f8e25f80a5d586ffa6e008762be2e6f1.jpg
12041234,//image.brilliantearth.com/media/cache/37/3d/373d24f8347a3d40dc8b45537eff912b.jpg
12428230,//image.brilliantearth.com/media/cache/ae/1b/ae1bbecce709a1ea414703edefbb7e90.jpg
12449840,//image.brilliantearth.com/media/cache/29/fc/29fcaede3bbbe9d9640bfbaf5d42f914.jpg
12448470,//image.brilliantearth.com/media/cache/ce/27/ce276b5e699ef2f5d828412648010db3.jpg
12501001,//image.brilliantearth.com/media/cache/ca/f4/caf4c96514c01e48cfa4df12dd9d6db6.jpg
12416531,//image.brilliantearth.com/media/cache/34/2c/342c9906afd8cb25fd28e5f6767b3ae0.jpg
12444562,//image.brilliantearth.com/media/cache/04/08/0408c2fd1b1b5d23a3fe4d8edece1438.jpg
12444017,//image.brilliantearth.com/media/cache/da/f8/daf81bf3597c44c86fcd905e8c4ab5d4.jpg
12429524,//image.brilliantearth.com/media/cache/e9/6e/e96e7a15ca1a8a028949c4631c62cc5b.jpg
12448457,//image.brilliantearth.com/media/cache/5f/85/5f856ae86fb6ae70c927c3333ee40e38.jpg
12446108,//image.brilliantearth.com/media/cache/f9/8c/f98cde1e3fa28e8fec115bff00071c54.jpg
12396832,//image.brilliantearth.com/media/cache/1d/d7/1dd72dd79761c04cd19d1e1fe3e3c81d.jpg
12424290,//image.brilliantearth.com/media/cache/85/ff/85ff3697acddc87a3725be4f11baa86b.jpg
12409838,//image.brilliantearth.com/media/cache/8a/b6/8ab696b4aa04163a3889b5ee7e533026.jpg
12412298,//image.brilliantearth.com/media/cache/91/83/91838a828f15ef64350b56322c8e68a8.jpg
12408837,//image.brilliantearth.com/media/cache/c6/ed/c6edfc52d892e35a89564fd4477a449f.jpg
12335024,//image.brilliantearth.com/media/cache/b3/93/b393cc5d28917f470a7119901a25201e.jpg
12430428,//image.brilliantearth.com/media/cache/97/af/97afab1ccf826bf1830044c5618830c0.jpg
12479174,//image.brilliantearth.com/media/cache/69/0b/690bf22fc9d1909e9b0cc9204d408805.jpg
12446904,//image.brilliantearth.com/media/cache/c9/91/c9914cbc588e17aa4ef8a6b906407d84.jpg
12447679,//image.brilliantearth.com/media/cache/24/d3/24d386c6a1091fbfaeaf732ef830938e.jpg
12447775,//image.brilliantearth.com/media/cache/47/62/4762152b5d2942d6750e33d2945e7c74.jpg
12447740,//image.brilliantearth.com/media/cache/53/6a/536a16d6ba754043ab3437ee70521f76.jpg
12366850,//image.brilliantearth.com/media/cache/56/35/56357c365bbcb594a871c34c82ce16d4.jpg
12394763,//image.brilliantearth.com/media/cache/b0/2d/b02dab715c1a3a34bac1e83baa6fea26.jpg
12435785,//image.brilliantearth.com/media/cache/20/2f/202fdd212151296703b074c2b831fb93.jpg
12435778,//image.brilliantearth.com/media/cache/2c/18/2c18696802545781762bacd67a16090a.jpg
12435965,//image.brilliantearth.com/media/cache/ab/c7/abc76f343ec3f7d78c11bd1911499135.jpg
12493943,//image.brilliantearth.com/media/cache/d3/89/d389724020db67d5020771423ac26fc3.jpg
12428791,//image.brilliantearth.com/media/cache/31/8f/318f5ac210a595c5036fd7617cfd6a08.jpg
12431002,//image.brilliantearth.com/media/cache/76/b4/76b4b7d6be55b3f85851077f6b968610.jpg
12321200,//image.brilliantearth.com/media/cache/af/3a/af3ab508657db0864d87867705ea8fe7.jpg
12442076,//image.brilliantearth.com/media/cache/e6/61/e661ff1161888b8911d50781001ea85d.jpg
11326499,//image.brilliantearth.com/media/cache/80/87/8087a7bcf77767510b193da4e7143e38.jpg
12511999,//image.brilliantearth.com/media/cache/c5/28/c52812a9dd10ec5a470f4d6b2fe52d06.jpg
12435725,//image.brilliantearth.com/media/cache/0b/10/0b105de0c30b4295187d38a73b62c155.jpg
12447651,//image.brilliantearth.com/media/cache/32/bd/32bd509b839a4bf7cf156cb4f773d24c.jpg
12501013,//image.brilliantearth.com/media/cache/11/8e/118e1c8dc75580d5ac053292471e04f3.jpg
12374922,//image.brilliantearth.com/media/cache/ae/a0/aea0f583fe1126e493329d873ec21589.jpg
12445987,//image.brilliantearth.com/media/cache/3b/f6/3bf637f0220f9829f367f4f78ffb9ee1.jpg
12363590,//image.brilliantearth.com/media/cache/49/86/4986dc894666a65f5377253c066fbf67.jpg
12493937,//image.brilliantearth.com/media/cache/74/af/74af74b54078fbe4ddadb972d49c0f37.jpg
12493901,//image.brilliantearth.com/media/cache/a9/eb/a9ebd0edd0946c58dd0ff2d232b626e7.jpg
12415425,//image.brilliantearth.com/media/cache/a8/70/a870cb51f6b63ba09bd0a75a64f9cb63.jpg
12255986,//image.brilliantearth.com/media/cache/9d/23/9d2370d07a19aa0081e9f2233fda6086.jpg
12415489,//image.brilliantearth.com/media/cache/5b/50/5b5007b20efab48bccb7d45b8e38cb24.jpg
12408328,//image.brilliantearth.com/media/cache/dd/1a/dd1a30433c1a0e40afbbaf319ab99357.jpg
12289179,//image.brilliantearth.com/media/cache/6d/ee/6dee2308e5fae65848ccc3744f88c850.jpg
12415441,//image.brilliantearth.com/media/cache/81/74/8174f2e8454ea245194ed3106bec46b7.jpg
12395090,//image.brilliantearth.com/media/cache/82/cd/82cd67bdd4560854c68a7ba179ee0859.jpg
12430486,//image.brilliantearth.com/media/cache/e6/f8/e6f8d7e544e29c7ba38fdba6e168148d.jpg
12412230,//image.brilliantearth.com/media/cache/24/33/2433c3bc9e686e8fb423572a516fbb8d.jpg
12417785,//image.brilliantearth.com/media/cache/9a/b8/9ab89674e27a4cfe603e4eb6a482b45e.jpg
12177907,//image.brilliantearth.com/media/cache/0e/6b/0e6bdaf356722269ab821a45bc5ecf67.jpg
12356987,//image.brilliantearth.com/media/cache/96/86/96865f02a346b5208c1ab84f25f0e0a9.jpg
12425667,//image.brilliantearth.com/media/cache/16/77/16772d31f96275317c3278303bd33364.jpg
12493954,//image.brilliantearth.com/media/cache/bf/30/bf309809c175aadb61e1d6327e44435a.jpg
12408321,//image.brilliantearth.com/media/cache/78/b3/78b33dc3af3e21a79724b42b9397e6cc.jpg
12255960,//image.brilliantearth.com/media/cache/00/47/004713ab9aab346db4aeed5418ee2a61.jpg
12408305,//image.brilliantearth.com/media/cache/4b/f3/4bf39647ab5aa0cd789573eb5105805d.jpg
11798463,//image.brilliantearth.com/media/cache/bc/1c/bc1ca196d3ed8094465b4bd2babec696.jpg
12493922,//image.brilliantearth.com/media/cache/b3/18/b3180c05a38a519f1df7f8f548c46b7f.jpg
12493904,//image.brilliantearth.com/media/cache/86/48/86481b9f41cfdb15624c9ce763af581b.jpg
12431297,//image.brilliantearth.com/media/cache/a4/e2/a4e24c68bc8411146f21fa3e9d701b60.jpg
12266743,//image.brilliantearth.com/media/cache/f5/00/f5007cb6efe672cba82538aae9132495.jpg
12449859,//image.brilliantearth.com/media/cache/9d/2f/9d2f5b4d6845783f40a37a24a90db4f9.jpg
12438958,//image.brilliantearth.com/media/cache/c3/5e/c35e9ff314d29f2a0c0d548465ba1aab.jpg
12449791,//image.brilliantearth.com/media/cache/f9/20/f920054759b91cd0d3270f25133e67fb.jpg
12415967,//image.brilliantearth.com/media/cache/db/cb/dbcb34ee984c80d9d9fa5c20ba05017b.jpg
12171854,//image.brilliantearth.com/media/cache/05/25/0525d01cdb721424910818365d7a23ab.jpg
12479256,//image.brilliantearth.com/media/cache/a1/e5/a1e5708953f16155cefadbd50993b671.jpg
12363073,//image.brilliantearth.com/media/cache/9d/36/9d36ac5cac10df42e7d72c544e0c5899.jpg
12416094,//image.brilliantearth.com/media/cache/e8/10/e81010710a4395f78e47729372df3f93.jpg
12336040,//image.brilliantearth.com/media/cache/eb/ac/ebacec4a192c79c58d262a1f2a09c04e.jpg
12276920,//image.brilliantearth.com/media/cache/ba/91/ba91be4aef1d6a3a1f3a415cc4917f62.jpg
12333975,//image.brilliantearth.com/media/cache/5f/56/5f566fe6d7bb4f3043d4d8f0c34c8447.jpg
12438124,//image.brilliantearth.com/media/cache/cb/fd/cbfd94949df1366da48c63395d8f9160.jpg
12188140,//image.brilliantearth.com/media/cache/78/82/7882f7a09f0bbb5ac0f633d27da2d5da.jpg
12428557,//image.brilliantearth.com/media/cache/f9/5e/f95e9f0daa21c96d10611f31fce7c3b2.jpg
12316737,//image.brilliantearth.com/media/cache/71/49/7149c3742c47f68de10302ed479b6fd9.jpg
12428546,//image.brilliantearth.com/media/cache/81/a4/81a483c0bc953a26b600e11aa03ad7be.jpg
12315734,//image.brilliantearth.com/media/cache/83/19/83191aa8688393cbf143f46263d649f1.jpg
12306574,//image.brilliantearth.com/media/cache/92/c1/92c1aebeba34fbad4901d8e8d5a4c8a4.jpg
12203566,//image.brilliantearth.com/media/cache/dc/96/dc9619bed3e910140e22a8225d5f93ed.jpg
12445629,//image.brilliantearth.com/media/cache/0f/43/0f43f34940b86d9b4873d385f9f6c766.jpg
12316618,//image.brilliantearth.com/media/cache/55/57/55573bdf9bdb9fda1ca7ac6fc0131c32.jpg
12443974,//image.brilliantearth.com/media/cache/88/54/8854d15652a43d998c4e22cd028654f9.jpg
12443491,//image.brilliantearth.com/media/cache/21/14/2114634d57b3387d4edf88a9005c72e3.jpg
12443243,//image.brilliantearth.com/media/cache/4d/a5/4da517baf3ce5c323bcf297c381f3c49.jpg
12438126,//image.brilliantearth.com/media/cache/9f/d0/9fd081983eb910fed2d469fa55c13d37.jpg
12397058,//image.brilliantearth.com/media/cache/3d/d2/3dd2f968326698528cfb90159b065b3b.jpg
12335250,//image.brilliantearth.com/media/cache/10/a8/10a83e9ce597166fe3d0676f560f43ea.jpg
12248703,//image.brilliantearth.com/media/cache/e2/ee/e2eeb1879667b6ac2636192726792cab.jpg
12428853,//image.brilliantearth.com/media/cache/69/65/6965d49c9504de0499fd27fba7c98551.jpg
12447815,//image.brilliantearth.com/media/cache/ec/0c/ec0c2c99e616c0a3fe0350bb5f031b4f.jpg
12437947,//image.brilliantearth.com/media/cache/2e/ff/2eff036e204d180d0bb62982ed949e9f.jpg
12356467,//image.brilliantearth.com/media/cache/d6/3b/d63bf5c9ff5f870f54254f7141f363e5.jpg
12277559,//image.brilliantearth.com/media/cache/fd/4f/fd4f0d12086c9c5f0115f2b15ab0fbb2.jpg
12417920,//image.brilliantearth.com/media/cache/4f/76/4f76a35a3a6b7ade3dccbbcbc3a6d303.jpg
12255692,//image.brilliantearth.com/media/cache/9b/24/9b247fa6802494cb3e2fdca2f84ec1bb.jpg
12396215,//image.brilliantearth.com/media/cache/77/f1/77f18376e393fe2059970b782688bc5f.jpg
12371798,//image.brilliantearth.com/media/cache/67/18/6718a8f41d32e96a93ecb75eb0ae3632.jpg
12446562,//image.brilliantearth.com/media/cache/78/78/78784912144b7858b84abdaf61e77bf5.jpg
12209140,//image.brilliantearth.com/media/cache/74/85/748589f8822d21a4e309081f0681e8c1.jpg
12276676,//image.brilliantearth.com/media/cache/e4/d3/e4d37055896e3e083e3912b1c6f69be7.jpg
12316166,//image.brilliantearth.com/media/cache/b0/8c/b08cac5dd074d2a7be0dfea376cbb90b.jpg
12428699,//image.brilliantearth.com/media/cache/a7/41/a741594bb678a963cf70265a9382121e.jpg
12430311,//image.brilliantearth.com/media/cache/01/b9/01b902963745f1ab3819953182ed4811.jpg
12435839,//image.brilliantearth.com/media/cache/c4/c5/c4c5f3ad10a843e4a528ea9cd7de933a.jpg
12435814,//image.brilliantearth.com/media/cache/02/31/0231aa54c84cc37ab9cafc4dd0864db3.jpg
12446077,//image.brilliantearth.com/media/cache/f6/94/f6947fc4b58d33a046bfd4d856aaeb81.jpg
12445511,//image.brilliantearth.com/media/cache/be/c8/bec8b6f888ad24c181440084e32af0cc.jpg
12397283,//image.brilliantearth.com/media/cache/9c/ce/9cce526b91e86032030975dc14a49650.jpg
12427661,//image.brilliantearth.com/media/cache/16/c4/16c42753842e38d6b8bd9672b90a3aac.jpg
12446574,//image.brilliantearth.com/media/cache/81/b6/81b6dfb4c74272306d5a91d5d4805115.jpg
12364076,//image.brilliantearth.com/media/cache/d0/9c/d09c39e219220ed9271fe4bc21df7296.jpg
12255641,//image.brilliantearth.com/media/cache/f5/8a/f58aec0b6ec8c84b334e8cac8782b0c5.jpg
12344827,//image.brilliantearth.com/media/cache/7a/a6/7aa6f5dc854932ddc17e85330d50a872.jpg
12428646,//image.brilliantearth.com/media/cache/44/db/44dbc513c8d687cd36eca6b5ebc62e7d.jpg
12446919,//image.brilliantearth.com/media/cache/ea/da/eada845e8f32247d163d9df9843c52c0.jpg
12429469,//image.brilliantearth.com/media/cache/5e/71/5e718f3814da5701f1a80e54027fb2d0.jpg
12107044,//image.brilliantearth.com/media/cache/00/ae/00aec55386ab6b5ace6021bb80d0fef8.jpg
12316967,//image.brilliantearth.com/media/cache/dd/ec/ddec47bcb22755fe58ec329a3dc64fec.jpg
12409161,//image.brilliantearth.com/media/cache/55/7d/557d78a2e210dc541a13e3874c6452e6.jpg
12383041,//image.brilliantearth.com/media/cache/ae/b3/aeb3c90f60b39b6a37a87f8172f018fd.jpg
12479988,//image.brilliantearth.com/media/cache/3e/bb/3ebb71127190dcfd70d87fa81bfc65cf.jpg
12317534,//image.brilliantearth.com/media/cache/09/a3/09a355e571cb2e0ac8f7fa3418c8089c.jpg
12190869,//image.brilliantearth.com/media/cache/6f/b4/6fb406cf4a32bef4e9d4946c52b20fe8.jpg
12448447,//image.brilliantearth.com/media/cache/01/fa/01fa3d298a8d5a330aab91de1531dd83.jpg
12208488,//image.brilliantearth.com/media/cache/2d/05/2d0588ae3f5bdf7497450fd7f3536080.jpg
12443532,//image.brilliantearth.com/media/cache/f6/2a/f62acb72059d9e365f47a721c3b904a1.jpg
12501015,//image.brilliantearth.com/media/cache/37/7c/377c9e1e4aa856582a4f193e1b96e936.jpg
12428860,//image.brilliantearth.com/media/cache/e8/52/e85281dc3c7d2fdc569d081959b59ed2.jpg
12411603,//image.brilliantearth.com/media/cache/8e/17/8e1716017d7b9564b34ceb6abe0eb502.jpg
12318012,//image.brilliantearth.com/media/cache/63/c5/63c5f2533441f43d82db819265447452.jpg
12437981,//image.brilliantearth.com/media/cache/75/41/7541af5ce6677b89e17536c80225da1f.jpg
12435714,//image.brilliantearth.com/media/cache/ff/24/ff24d3d421c813922a117de0bdd77c50.jpg
12430410,//image.brilliantearth.com/media/cache/b8/2e/b82edcaa60380d5cabedd4a0fbf629e2.jpg
12417877,//image.brilliantearth.com/media/cache/55/20/55201d41879e87f2fb67736f042829a7.jpg
12396552,//image.brilliantearth.com/media/cache/00/27/002711df3b74fa79817e6ba3488ac858.jpg
12491807,//image.brilliantearth.com/media/cache/c8/fc/c8fc5fa8add33ac3d3caecb5f5b12a04.jpg
12429177,//image.brilliantearth.com/media/cache/a9/b3/a9b3d6a1a1bb616fec3b46dd3fb17184.jpg
12294459,//image.brilliantearth.com/media/cache/b8/83/b8838fa64a7c93c8d5ce616089a1d812.jpg
12177387,//image.brilliantearth.com/media/cache/1a/c0/1ac00bcc19a40845c9592862ecc0ddfc.jpg
12430776,//image.brilliantearth.com/media/cache/76/a3/76a322fb2657d1b79ee4421ab8922cb2.jpg
12374754,//image.brilliantearth.com/media/cache/1f/79/1f792c970ff1bbecb9a6d58299c4b327.jpg
12415985,//image.brilliantearth.com/media/cache/5b/1d/5b1dedcf2087c2ada9c577909d11e1b5.jpg
12443101,//image.brilliantearth.com/media/cache/69/a9/69a9f5843b9e8689c453ae9e91b89ff8.jpg
12266143,//image.brilliantearth.com/media/cache/66/bb/66bbc1b57d5c6efb90db3a03c96d3daa.jpg
11568092,//image.brilliantearth.com/media/cache/b6/cd/b6cde229bf3022ee2022889ace42fb08.jpg
12072827,//image.brilliantearth.com/media/cache/98/1f/981f2a71c053b5fbe69fc03ac17c2afa.jpg
12416980,//image.brilliantearth.com/media/cache/b0/22/b0220e4fc2040f0f0a2b4b54746a765d.jpg
12396007,//image.brilliantearth.com/media/cache/d7/fc/d7fc1541aa6c476d8ae48f9b48644415.jpg
12417182,//image.brilliantearth.com/media/cache/8d/ac/8dacf0ad526a504244402f3deb5e1b84.jpg
12397314,//image.brilliantearth.com/media/cache/ae/79/ae79d5fc760751700c1bde930d1a952b.jpg
12037352,//image.brilliantearth.com/media/cache/61/0d/610d412b798983183c67765cc1131c35.jpg
12062655,//image.brilliantearth.com/media/cache/94/85/94855cf5a1e5c2fa0474565ddf77991b.jpg
12048280,//image.brilliantearth.com/media/cache/61/61/616195f24e5a83e7b2cb139b0ceb8185.jpg
12445735,//image.brilliantearth.com/media/cache/7b/05/7b054d5479fec3b35fa357a72aa12d31.jpg
12428802,//image.brilliantearth.com/media/cache/4c/9c/4c9c945c19379693b2090828aa51f9be.jpg
12428724,//image.brilliantearth.com/media/cache/6b/09/6b098a4be66bdf5b56f6effab45ea327.jpg
12315451,//image.brilliantearth.com/media/cache/24/ac/24ac30166b5c422ee47d5f954e583287.jpg
12316987,//image.brilliantearth.com/media/cache/8f/03/8f0349f6bef1264ca94089ae1e2f5ebb.jpg
12374510,//image.brilliantearth.com/media/cache/67/32/6732a0ce9384b1166e824823dd592df0.jpg
12444823,//image.brilliantearth.com/media/cache/d9/d7/d9d7753c111005886d34d6a85e310f6d.jpg
12438815,//image.brilliantearth.com/media/cache/ae/94/ae940614365c12856418531458464124.jpg
12472776,//image.brilliantearth.com/media/cache/41/b8/41b8e903dcefa14c3fbf9a2132a3cd61.jpg
12397332,//image.brilliantearth.com/media/cache/df/93/df93c5d3d074c0a2dd30c3e201c42040.jpg
12439114,//image.brilliantearth.com/media/cache/8b/0b/8b0b857f7a50c33b662a10d1d1c0cd0e.jpg
12445063,//image.brilliantearth.com/media/cache/09/18/091838d4c49ff31bc5d6027dcad460d7.jpg
12188127,//image.brilliantearth.com/media/cache/02/e0/02e00453acf1c173c90d7b70be9642dd.jpg
12444138,//image.brilliantearth.com/media/cache/24/ec/24ec2f939c5b4e8b5c5d433fcc38127b.jpg
12334002,//image.brilliantearth.com/media/cache/4b/14/4b14aebd35b9b7bc166e144e29608b6a.jpg
12305425,//image.brilliantearth.com/media/cache/21/3e/213e20579d3d1ac640a93b3900cb2638.jpg
12372741,//image.brilliantearth.com/media/cache/cf/b4/cfb4f07a1e3be5b068acaea50a387a40.jpg
12374418,//image.brilliantearth.com/media/cache/2c/49/2c4965e2bead805ea2d49fcf204bb506.jpg
12178678,//image.brilliantearth.com/media/cache/84/69/8469a976e201c7f30c790091cbb9aad7.jpg
12335132,//image.brilliantearth.com/media/cache/1d/5f/1d5fe1fae260f9753c91f04062c54dc6.jpg
12060637,//image.brilliantearth.com/media/cache/05/00/05001e84cde9cfb2e95332bb6fc93e47.jpg
12315597,//image.brilliantearth.com/media/cache/4d/6d/4d6d91659b4cc0a8c34bf15866837428.jpg
12428325,//image.brilliantearth.com/media/cache/cb/fd/cbfde7f03b48723d103e66fdbeb1674d.jpg
12395432,//image.brilliantearth.com/media/cache/1f/4f/1f4fe7625a4ce528bd61df58f9cddb2e.jpg
12372278,//image.brilliantearth.com/media/cache/a1/8a/a18aa304970796961fd9fa7072eea265.jpg
12276835,//image.brilliantearth.com/media/cache/cd/b2/cdb2bb2560f84e9b7753dcf5b4425086.jpg
12447658,//image.brilliantearth.com/media/cache/3b/63/3b6326b619203eb28595141753477fd7.jpg
12073018,//image.brilliantearth.com/media/cache/b3/63/b363b7cbecd6f1aa0afd9c6dde1067cf.jpg
12248784,//image.brilliantearth.com/media/cache/b2/19/b21996fd45ef2c562672d5e604b0edc5.jpg
12396378,//image.brilliantearth.com/media/cache/bb/f1/bbf1e5f7697f887c7d473a8ed36a42f0.jpg
12439120,//image.brilliantearth.com/media/cache/fd/0a/fd0afb24c8022359f301880109ccc4e9.jpg
12315332,//image.brilliantearth.com/media/cache/d0/71/d071a99ff94170be7f236c8dd3a68b5b.jpg
12448468,//image.brilliantearth.com/media/cache/cc/92/cc92dea23d67827f751c79624ac32499.jpg
12372876,//image.brilliantearth.com/media/cache/f4/66/f4669d218f5ed3c0e797e95c89a9b5dc.jpg
12459232,//image.brilliantearth.com/media/cache/c6/3c/c63cf1866369c0ba9c94b2dab32c239d.jpg
12446316,//image.brilliantearth.com/media/cache/cb/dc/cbdc6a52eba6539062a6efe32e3e7a16.jpg
12363587,//image.brilliantearth.com/media/cache/b3/79/b37951751b11dacff6c7592671c64d0f.jpg
12446271,//image.brilliantearth.com/media/cache/da/bd/dabdb3d3b3185e288255f50cfce8d5dd.jpg
12479172,//image.brilliantearth.com/media/cache/c3/b4/c3b4513f329712e4cc164b9dc5e81517.jpg
12430293,//image.brilliantearth.com/media/cache/c0/1b/c01bf221cf43a28be9fa62b443f34ab4.jpg
12431365,//image.brilliantearth.com/media/cache/8f/0a/8f0a2b7f7dc837f730699e4d75a4014c.jpg
12415981,//image.brilliantearth.com/media/cache/e6/0d/e60d4ef892372c85441f2f8952c0956d.jpg
12099434,//image.brilliantearth.com/media/cache/07/25/07252c53a03d1dd18a7a474c554d88d6.jpg
12417375,//image.brilliantearth.com/media/cache/ee/e7/eee710814b830f24959f7c6d0e35b97b.jpg
12438927,//image.brilliantearth.com/media/cache/14/7d/147d06a20ba031cc799d2ca9e0f9d287.jpg
12428879,//image.brilliantearth.com/media/cache/8d/5e/8d5edd3c5e8a9b5b2eb3b128df161f11.jpg
12316986,//image.brilliantearth.com/media/cache/54/b0/54b0859d8c98c18a3eecb61f048c192f.jpg
12429386,//image.brilliantearth.com/media/cache/49/be/49be26480bfef31792cd166d0ef63a0d.jpg
12372693,//image.brilliantearth.com/media/cache/55/b0/55b0c587696310b0b19a2edcede6d54a.jpg
12429442,//image.brilliantearth.com/media/cache/67/90/67906e39c16c363891fe4497741b1533.jpg
12444063,//image.brilliantearth.com/media/cache/69/c4/69c4da4bb2daeef4d315d9e8bc14628d.jpg
12429007,//image.brilliantearth.com/media/cache/38/1b/381b5046f97b5f77397eeb859d21bf87.jpg
12430150,//image.brilliantearth.com/media/cache/8d/49/8d491d4769cb80466d43b9a681363b64.jpg
12436048,//image.brilliantearth.com/media/cache/bf/ca/bfcac8e59a74efd489865d654d2dabd9.jpg
12400547,//image.brilliantearth.com/media/cache/09/9d/099d204367ea67aba6e56229dada93a9.jpg
12343436,//image.brilliantearth.com/media/cache/29/6c/296c40e337eebf73f887eec238d4f096.jpg
12126277,//image.brilliantearth.com/media/cache/6f/c8/6fc8c36e619c28ee4c3577c231f27ec2.jpg
12435787,//image.brilliantearth.com/media/cache/a5/4b/a54bafbf52a60385fce6dce37aa76820.jpg
12447627,//image.brilliantearth.com/media/cache/86/bf/86bf37682afcaf89e267ba92c0e7a4b9.jpg
12399132,//image.brilliantearth.com/media/cache/8f/f5/8ff587133794ed51dba8ffac35df2b40.jpg
12177574,//image.brilliantearth.com/media/cache/8e/7e/8e7ece792b21b5c6212e4e9ef005be7c.jpg
12336504,//image.brilliantearth.com/media/cache/9a/5d/9a5db698ec599def9b7079f8a81fed65.jpg
12429137,//image.brilliantearth.com/media/cache/62/35/6235fb84716bf3a510110d3342a867eb.jpg
12417077,//image.brilliantearth.com/media/cache/b4/2f/b42f82f9e37485c019ca9c100d5ca324.jpg
12412122,//image.brilliantearth.com/media/cache/1b/d8/1bd86a7ff74b73348b2959cb934fa4ab.jpg
12225997,//image.brilliantearth.com/media/cache/82/ef/82ef6cddeba58d11f187d309e6257aa6.jpg
12435959,//image.brilliantearth.com/media/cache/5a/6e/5a6e65c4e03526f23abfa6d8554ddee5.jpg
12171811,//image.brilliantearth.com/media/cache/ad/2c/ad2c6b25d4ac059434fd0049dab9f3c3.jpg
12462330,//image.brilliantearth.com/media/cache/8b/56/8b5637f69b373957abe390500359f95d.jpg
12444052,//image.brilliantearth.com/media/cache/36/7b/367babe03c2c8ecc1d3e3cf05e7f32b5.jpg
12440630,//image.brilliantearth.com/media/cache/a5/2f/a52f4fe5b403d5ec286be992a215f660.jpg
12038022,//image.brilliantearth.com/media/cache/56/09/560935a66827e20ba994d73c923bd6a8.jpg
12438329,//image.brilliantearth.com/media/cache/1d/80/1d808bdd3a1775c88c7352b1c0574533.jpg
12443669,//image.brilliantearth.com/media/cache/03/8e/038e45679218eacfb1ec2324fce52709.jpg
12317426,//image.brilliantearth.com/media/cache/95/f2/95f23132e564db20a59f37f297a8bd67.jpg
12209257,//image.brilliantearth.com/media/cache/d4/de/d4de8fa47d1d7fa0a5d8d194b075f743.jpg
12493919,//image.brilliantearth.com/media/cache/c2/d6/c2d64a23c057a27fb2f0628de3dc618c.jpg
12277735,//image.brilliantearth.com/media/cache/9f/b9/9fb98c95b0f14b2361380c80c3985cec.jpg
12409053,//image.brilliantearth.com/media/cache/37/04/3704ea67b3012af2bab2163a08870fdd.jpg
12171653,//image.brilliantearth.com/media/cache/0a/05/0a05ff9d97db69a6f16c28e1b4208eb3.jpg
12353604,//image.brilliantearth.com/media/cache/dd/59/dd59e5d32dc1b2ae49d31cb6cc71070e.jpg
12366854,//image.brilliantearth.com/media/cache/79/71/7971a0cd166b920c0704805b808720f7.jpg
12339427,//image.brilliantearth.com/media/cache/b5/9e/b59e6c555e20a8f9c4cdc338d9ee100f.jpg
12363746,//image.brilliantearth.com/media/cache/da/fc/dafcf0225ccbe7a087b7b217efa17303.jpg
12400432,//image.brilliantearth.com/media/cache/a4/51/a4512e28fe810d1bce1787303a3eb494.jpg
12335754,//image.brilliantearth.com/media/cache/5f/80/5f80d22221ff4b3dbba5bcf17e090299.jpg
12435949,//image.brilliantearth.com/media/cache/09/99/0999f83813026464f5487ca4a1a0190b.jpg
12428630,//image.brilliantearth.com/media/cache/e2/7d/e27dca5009e8f246f94140a16f7b8474.jpg
12435686,//image.brilliantearth.com/media/cache/3d/8b/3d8b6eec4b3526b39c6cd565772d492e.jpg
12208974,//image.brilliantearth.com/media/cache/09/1d/091d13d5cb7bd9233414a2a5bdfcd102.jpg
12223190,//image.brilliantearth.com/media/cache/06/9f/069f56fd29ff7db2c0881d16d2717db9.jpg
11567210,//image.brilliantearth.com/media/cache/80/6d/806d4a977ab2f7ab92124ce684be27ec.jpg
12317964,//image.brilliantearth.com/media/cache/40/f3/40f3fed5ef1ba6d3f9d1c17b532ed14a.jpg
12344607,//image.brilliantearth.com/media/cache/83/1d/831d8c88d63e6a61a4d28c81fcebd5db.jpg
12255901,//image.brilliantearth.com/media/cache/9f/e3/9fe3536438883cebc2f86927d596268d.jpg
12415947,//image.brilliantearth.com/media/cache/e2/2c/e22c3af9fdf3ab1d4baaf0d0c4df5cb7.jpg
12357212,//image.brilliantearth.com/media/cache/b4/43/b443c1c397304f6aec6dbf9619c70f15.jpg
12277387,//image.brilliantearth.com/media/cache/7b/8c/7b8c7db911337fda5f156ad3378a2519.jpg
12416628,//image.brilliantearth.com/media/cache/ad/e4/ade4dfd8cd8936156d439b1f798afd5b.jpg
12428357,//image.brilliantearth.com/media/cache/41/1f/411f30cd3318ea6a577b3a464e6194a3.jpg
12277015,//image.brilliantearth.com/media/cache/70/51/7051d20fb20b33066cf68aa826d0619d.jpg
12209204,//image.brilliantearth.com/media/cache/70/5e/705e62085c5b3e680c7f93bb84f84131.jpg
12412108,//image.brilliantearth.com/media/cache/a8/37/a83757bc29285f6efc11fadde9b54d69.jpg
11966795,//image.brilliantearth.com/media/cache/a6/3f/a63fbcee984ca7be6d3530fa1c089994.jpg
12449814,//image.brilliantearth.com/media/cache/96/f1/96f1c0359b173a263086ba2bfa2e03ff.jpg
12427772,//image.brilliantearth.com/media/cache/81/33/813396495d937e15c040375f34a20c6e.jpg
12363710,//image.brilliantearth.com/media/cache/42/52/42524162930e4778fc5f0d0239d4c6fb.jpg
12397220,//image.brilliantearth.com/media/cache/1c/85/1c858419b518da4790ba52f570fe7feb.jpg
12226070,//image.brilliantearth.com/media/cache/bd/6d/bd6d2c04159614956e457e9785c45597.jpg
12430665,//image.brilliantearth.com/media/cache/87/8f/878f93babb5549b9842e4db54a82bf78.jpg
12387717,//image.brilliantearth.com/media/cache/85/a3/85a38d01bffc911aa5b57fa1e685f9c2.jpg
12444300,//image.brilliantearth.com/media/cache/fe/1d/fe1dc8923a8a12d0125e95e67c29987d.jpg
12306571,//image.brilliantearth.com/media/cache/f6/22/f622959f3de9bb762df7dc32c43f8758.jpg
12436011,//image.brilliantearth.com/media/cache/6f/83/6f833f03473f42fed88c9bdb0db53fca.jpg
12203766,//image.brilliantearth.com/media/cache/b1/58/b158b7eec1a3f2ff4bdf9afe45c886c5.jpg
11544865,//image.brilliantearth.com/media/cache/9d/8e/9d8ebbda2040d86863f22c8ad5d569f2.jpg
12435871,//image.brilliantearth.com/media/cache/2c/67/2c67c5b04dc8a68ce3c874f8cdcba754.jpg
12303502,//image.brilliantearth.com/media/cache/2c/ff/2cffeaa60e87b20401522be1b6d1ed0f.jpg
12209161,//image.brilliantearth.com/media/cache/88/e8/88e8302a884eef6de80c8ed287e3a965.jpg
12046476,//image.brilliantearth.com/media/cache/e5/26/e5265b9dc1a079c581807ea5c1e1b1bc.jpg
12356988,//image.brilliantearth.com/media/cache/cf/b5/cfb5db4e2a803a3893fa62ae1472c04e.jpg
12435823,//image.brilliantearth.com/media/cache/78/54/78548b077a5b08b899613c21b543837d.jpg
12236648,//image.brilliantearth.com/media/cache/13/12/131233f5970149dc6dec6f8e867dfa77.jpg
12150270,//image.brilliantearth.com/media/cache/54/f4/54f427d8984fb0b0d7a88bc07a625d8c.jpg
12493960,//image.brilliantearth.com/media/cache/35/ab/35ab21ae20df163c50d02d918e6d63de.jpg
12443868,//image.brilliantearth.com/media/cache/24/44/2444accc8e0f5d040abb39802521cb5f.jpg
12480909,//image.brilliantearth.com/media/cache/f0/52/f052c0aeb5edf999f62dd4b1736a54bb.jpg
12317300,//image.brilliantearth.com/media/cache/3a/6b/3a6bc299e1e0ad31a4c51c8bd39c0f36.jpg
12437396,//image.brilliantearth.com/media/cache/de/6d/de6dbda5da92d0d3f062f281a7522cd3.jpg
12294750,//image.brilliantearth.com/media/cache/2d/2a/2d2a5d585379d1220bf4de0ea6de8ed1.jpg
12415898,//image.brilliantearth.com/media/cache/fc/ed/fced2b38487a0191262b1376746e6f50.jpg
12415950,//image.brilliantearth.com/media/cache/6f/62/6f6251ffd548fb8e6340efd1624d80df.jpg
12472790,//image.brilliantearth.com/media/cache/0b/7f/0b7fe85b3d13c9e92113cf58c6eac7da.jpg
12208915,//image.brilliantearth.com/media/cache/29/65/2965005f39b46cffda992b9c96b60674.jpg
12400322,//image.brilliantearth.com/media/cache/0c/3a/0c3ab66c75708d369ab4c7edc61d123c.jpg
12400303,//image.brilliantearth.com/media/cache/a1/be/a1be23d4ceffe82c6a4543b6e75744ed.jpg
12116152,//image.brilliantearth.com/media/cache/8c/6b/8c6b41ce5083eb1e1835e1d5a35dac22.jpg
12333814,//image.brilliantearth.com/media/cache/a0/6a/a06ab772ddede462d414888f21b56b1f.jpg
12400427,//image.brilliantearth.com/media/cache/64/30/6430d0c41f11f98176c01b230329fb75.jpg
12416350,//image.brilliantearth.com/media/cache/31/8d/318df0a708c0e34cf9b8b56c0d3ae625.jpg
12303197,//image.brilliantearth.com/media/cache/8e/d6/8ed600ecd0131472fa48e12702f6ef0c.jpg
12223191,//image.brilliantearth.com/media/cache/37/de/37dea6d850459b24488062e8f5f242bc.jpg
12415543,//image.brilliantearth.com/media/cache/e1/ed/e1ed6d3d6dc70083e0c5b321042c5217.jpg
12435773,//image.brilliantearth.com/media/cache/b6/9e/b69e6ab9e532545de392f824c573806c.jpg
12209066,//image.brilliantearth.com/media/cache/a5/eb/a5ebb448a9534a828093e9557a635deb.jpg
12170253,//image.brilliantearth.com/media/cache/a9/f8/a9f8fd0aa9caab1ebc8e6091c5eb7b2c.jpg
12435934,//image.brilliantearth.com/media/cache/ff/5d/ff5dbeb82ff1f8b2f2961c8a674667b5.jpg
12109201,//image.brilliantearth.com/media/cache/ca/cf/cacf5c0f619ce2f76554fb21f45deb8a.jpg
12338441,//image.brilliantearth.com/media/cache/71/5f/715f3bbec49b384d35cebcae15454515.jpg
12250748,//image.brilliantearth.com/media/cache/85/18/851819ffa6c1e5900736092914d347c0.jpg
12415795,//image.brilliantearth.com/media/cache/ab/de/abdeebfbe9c8400fac362485102ce145.jpg
12373282,//image.brilliantearth.com/media/cache/3c/b6/3cb62c324202a71937164daa7796454f.jpg
12316656,//image.brilliantearth.com/media/cache/03/51/03510f5785d55e4f3a8f2a2194ee20ab.jpg
12373249,//image.brilliantearth.com/media/cache/e4/c0/e4c0d65e2e9c52fe4ca32f2d3336f592.jpg
12440772,//image.brilliantearth.com/media/cache/13/0b/130b889ecdf624f29b9cfe4c954443bd.jpg
12356834,//image.brilliantearth.com/media/cache/a4/33/a43314f74301bbdb551552bace4ad1fb.jpg
12306353,//image.brilliantearth.com/media/cache/e7/4f/e74fc1eccc1d48a162d865732af85962.jpg
11556085,//image.brilliantearth.com/media/cache/da/fe/dafe57ce3c0cbf66aff35a99795a5ecf.jpg
12431029,//image.brilliantearth.com/media/cache/eb/a7/eba7330f4f3ef916e17d3fea0095706d.jpg
12408538,//image.brilliantearth.com/media/cache/fc/9e/fc9e6cd9cadcd7db5028c972787d4381.jpg
12376737,//image.brilliantearth.com/media/cache/27/15/2715a150d20813224fc0d95e1d96b292.jpg
12335426,//image.brilliantearth.com/media/cache/66/0d/660d9bed4b2f73862809278e662e5115.jpg
12416245,//image.brilliantearth.com/media/cache/0a/90/0a906864d47d799bd08149b3c81cb921.jpg
12443666,//image.brilliantearth.com/media/cache/91/59/91596ec0609e03d2d517a7e605e97705.jpg
12046342,//image.brilliantearth.com/media/cache/97/53/97534fbfa6a48d1feeef44078aaa01cb.jpg
12408351,//image.brilliantearth.com/media/cache/03/e5/03e56b8670869a9c83e3ad4889917ed6.jpg
12408799,//image.brilliantearth.com/media/cache/65/b4/65b438a596fdee4e1be0b710e73e7630.jpg
12356624,//image.brilliantearth.com/media/cache/e7/15/e715845d2eae33e79fb7b7d4855f6bd3.jpg
12387759,//image.brilliantearth.com/media/cache/ea/53/ea53cc59c8028e947d800652a61360e9.jpg
12362923,//image.brilliantearth.com/media/cache/ec/c3/ecc3da4503add4bd6bbaf10f425eb810.jpg
12427423,//image.brilliantearth.com/media/cache/6b/08/6b08bc5ec2e3649a02bc70a1267334bd.jpg
12438984,//image.brilliantearth.com/media/cache/73/c6/73c65d7d5ad3ff7ff3e39e53380ad971.jpg
12501034,//image.brilliantearth.com/media/cache/25/71/25714d091a91e67f6cc5a4d7883de609.jpg
12501031,//image.brilliantearth.com/media/cache/43/de/43de75810c564bec6c066568c660a841.jpg
12435791,//image.brilliantearth.com/media/cache/57/52/575246488d692049e9910faa294abebb.jpg
12417666,//image.brilliantearth.com/media/cache/e7/da/e7daa3d67416f829c389a229b5944135.jpg
12447655,//image.brilliantearth.com/media/cache/1c/9f/1c9fada231c47a17ca45b5b99eb9e77d.jpg
12447619,//image.brilliantearth.com/media/cache/a9/5a/a95ac1632f68efd4933dd18f14b07e80.jpg
12439091,//image.brilliantearth.com/media/cache/e2/3b/e23b4028bf3f66f12e93a691d13fbd0c.jpg
11567039,//image.brilliantearth.com/media/cache/2a/32/2a32bcbcdb4b44dadd1e6513601ab1df.jpg
12395375,//image.brilliantearth.com/media/cache/c0/7f/c07fb2099adda8ef56d9d0c82bb80c1f.jpg
12372008,//image.brilliantearth.com/media/cache/68/80/688084a3a63b9cb0d87dac1a77358bb7.jpg
12427705,//image.brilliantearth.com/media/cache/8d/52/8d5269f6d41f8ceaf39c10eac6672a67.jpg
12395937,//image.brilliantearth.com/media/cache/ff/e6/ffe6b3be715c57b131a724b2bba438dd.jpg
12194825,//image.brilliantearth.com/media/cache/cf/7d/cf7db21dfaeabb70e0bf01476ebfcd9a.jpg
12428370,//image.brilliantearth.com/media/cache/0a/81/0a81bfacabfc003a8c439d081d49aae9.jpg
12424005,//image.brilliantearth.com/media/cache/15/26/1526f3f1c1936203abaa9d82f25031b1.jpg
12435746,//image.brilliantearth.com/media/cache/04/19/04191f29f4d5ea974861964c2af0ccb2.jpg
12471566,//image.brilliantearth.com/media/cache/08/b0/08b015bf715e20d61ae0688c7862b3cf.jpg
12277518,//image.brilliantearth.com/media/cache/e1/4b/e14be114cc004aea606d92a79fa7bd92.jpg
12410047,//image.brilliantearth.com/media/cache/6a/d4/6ad453343ecdd4421326bb18484bb839.jpg
12408348,//image.brilliantearth.com/media/cache/b9/58/b958bd69ac30f3e1986078cf55cf8fdc.jpg
12442036,//image.brilliantearth.com/media/cache/4a/f8/4af8ce7da2dde3f19742cb3ed9f4007a.jpg
12438235,//image.brilliantearth.com/media/cache/a3/fe/a3fe578eaac43ddaa14552a2176d0060.jpg
12276046,//image.brilliantearth.com/media/cache/95/ee/95eeb97b13e781760d058ba90a7d0aec.jpg
12435809,//image.brilliantearth.com/media/cache/b1/8e/b18e5f2e0134a816d6fd95c17e366cf9.jpg
12203581,//image.brilliantearth.com/media/cache/cb/c4/cbc4bf02e199d557a46495bfaeeed81c.jpg
12317921,//image.brilliantearth.com/media/cache/c3/61/c361a24c36f1f266ac02c262d5789f57.jpg
12408326,//image.brilliantearth.com/media/cache/4b/c4/4bc46100584b9028c63a5c8e11bbd5e4.jpg
12424245,//image.brilliantearth.com/media/cache/e5/c1/e5c1827b784384205ae5ae1f76e37386.jpg
12188437,//image.brilliantearth.com/media/cache/cd/9a/cd9ae226d25f1fd63775a89b765f05c3.jpg
12090456,//image.brilliantearth.com/media/cache/4d/60/4d600275fb798ff4557da342fca9fd1e.jpg
12276829,//image.brilliantearth.com/media/cache/17/15/1715664d9be32232336bead27ab42f49.jpg
12436097,//image.brilliantearth.com/media/cache/db/78/db78aea6b33ffe2206aee5af888c7703.jpg
12333944,//image.brilliantearth.com/media/cache/bb/97/bb97ad4690933074da4ec9a097ec9b05.jpg
12125691,//image.brilliantearth.com/media/cache/09/65/0965b1b4380591dd1dd6d55dfc437eb7.jpg
12372990,//image.brilliantearth.com/media/cache/a1/40/a140e91f568d2cd9441fa1fcaab7625f.jpg
12395500,//image.brilliantearth.com/media/cache/4f/6d/4f6d746ca2406a2699397e5ddd369209.jpg
12395928,//image.brilliantearth.com/media/cache/b4/45/b445c33809dc3399b92fe7d2039fabe1.jpg
12050062,//image.brilliantearth.com/media/cache/69/c7/69c7488cbbb5acfaefe5c56d6bf96dc9.jpg
12372841,//image.brilliantearth.com/media/cache/66/2f/662fd5642d3c67af17698f8958b9c245.jpg
12372418,//image.brilliantearth.com/media/cache/22/40/224047bf99acdb703ba06ff5c47f6e8d.jpg
12338467,//image.brilliantearth.com/media/cache/91/41/9141b61bc5621b6cfe49db2207abb3f7.jpg
12140390,//image.brilliantearth.com/media/cache/12/04/12049d2fc1de6df089257296b82ce94f.jpg
12304858,//image.brilliantearth.com/media/cache/82/bc/82bc65dd12f38dcece70f03ed5bd45b1.jpg
12435974,//image.brilliantearth.com/media/cache/91/6a/916aabf8f1ebc829c70c4df5c824122e.jpg
12435909,//image.brilliantearth.com/media/cache/64/7a/647a53b79a3de6b35a44f5396b79ea2f.jpg
12435693,//image.brilliantearth.com/media/cache/da/aa/daaaaf5068456de86da43c5423ffd892.jpg
12061497,//image.brilliantearth.com/media/cache/66/8e/668eb2e47ded765862686bf692de685e.jpg
12438891,//image.brilliantearth.com/media/cache/6c/c2/6cc2384f9c85394494579c628d2010e6.jpg
12395991,//image.brilliantearth.com/media/cache/28/a3/28a3573a01cf112053c1213b063c5104.jpg
12431100,//image.brilliantearth.com/media/cache/77/64/7764e7713da0b53a4c708c7e12c88704.jpg
12294465,//image.brilliantearth.com/media/cache/b4/51/b451a3dd21ed57aba1a7d411e60c8011.jpg
12316483,//image.brilliantearth.com/media/cache/53/c2/53c22fcbc1365ab2f8738b13af577d65.jpg
12277582,//image.brilliantearth.com/media/cache/82/d2/82d2baeaa85569e9c9a1507bddf2b54c.jpg
12442066,//image.brilliantearth.com/media/cache/2c/77/2c77b54e88b895f6b92c5e3e5cd97db9.jpg
12373125,//image.brilliantearth.com/media/cache/f3/41/f341c77b64e5fb6dde3730c013a37a40.jpg
12316850,//image.brilliantearth.com/media/cache/06/a0/06a05986efb0a16c0d82a4dfd6f6df32.jpg
12436031,//image.brilliantearth.com/media/cache/0e/1b/0e1ba7b273d7b5026a84f3cb8765df37.jpg
12435713,//image.brilliantearth.com/media/cache/81/aa/81aa06410b45957872c1f37565f30186.jpg
12435763,//image.brilliantearth.com/media/cache/22/d2/22d2cc73aefef07311d7301dc1508814.jpg
12435760,//image.brilliantearth.com/media/cache/89/27/8927ead412d2eca196c86a8cb617eb78.jpg
12435989,//image.brilliantearth.com/media/cache/7a/9d/7a9d7729563d5ccfb5fd41c9ffc5a938.jpg
12435730,//image.brilliantearth.com/media/cache/79/1f/791fa8c1de663e95ca3e1c7d282b4184.jpg
12344151,//image.brilliantearth.com/media/cache/a6/93/a6937c96f05d00983e42dca6b89dbeeb.jpg
12435758,//image.brilliantearth.com/media/cache/77/aa/77aa6126a751c88528befab9cfa7c4cb.jpg
12500993,//image.brilliantearth.com/media/cache/97/e7/97e75a2f78c557f223d5b5e6e7cc2f9e.jpg
12435996,//image.brilliantearth.com/media/cache/67/cd/67cdcf4e02ecd663c770b4acef51a861.jpg
12436042,//image.brilliantearth.com/media/cache/6a/9a/6a9a31eea3b900012426fae0db13ac43.jpg
12316804,//image.brilliantearth.com/media/cache/67/40/674098faf9349c81645c8f174ab77d84.jpg
12493902,//image.brilliantearth.com/media/cache/db/ed/dbeda24b6f341c028e6879ad2c7040ca.jpg
12443440,//image.brilliantearth.com/media/cache/36/1f/361f763754ee98768e10ad4228681f86.jpg
12301903,//image.brilliantearth.com/media/cache/cd/c1/cdc121b8ac66c7bf6ffc6fbeba2fcdb6.jpg
12493898,//image.brilliantearth.com/media/cache/9f/1c/9f1c3b13368502675ac69965ea02fb45.jpg
12277069,//image.brilliantearth.com/media/cache/ba/a8/baa888596d0ca3f26e14cbb17415f492.jpg
12382452,//image.brilliantearth.com/media/cache/8c/cc/8ccc325a82c86d0a6effc0aac290e581.jpg
12442027,//image.brilliantearth.com/media/cache/08/16/0816b78f8979c4d920056449a6441d40.jpg
12438890,//image.brilliantearth.com/media/cache/40/a4/40a415ce9c1a54a1d337029925e7b9d5.jpg
12443094,//image.brilliantearth.com/media/cache/8f/5a/8f5a13fb27f13668df09482481f1546e.jpg
12157494,//image.brilliantearth.com/media/cache/1d/63/1d63e3d61b37b97447d2e41b2f891c8e.jpg
12374247,//image.brilliantearth.com/media/cache/12/b4/12b4ff9a6f122d1e5e2bee5b13e8732c.jpg
12317820,//image.brilliantearth.com/media/cache/27/1b/271b71917d17317167b6588106788119.jpg
12438148,//image.brilliantearth.com/media/cache/10/5c/105c1a3225df3f32ea224047828dc9a8.jpg
12438171,//image.brilliantearth.com/media/cache/ef/ea/efea45eb1b9d3deac72c3efb7d336739.jpg
12443800,//image.brilliantearth.com/media/cache/c9/c0/c9c01c02a2ae76d38373410132524f3d.jpg
12417898,//image.brilliantearth.com/media/cache/5e/2d/5e2d08794c2ad14cd463cb5717416926.jpg
12444372,//image.brilliantearth.com/media/cache/49/ec/49ecf14d5e607b5dc39be2b3fd679e31.jpg
12424107,//image.brilliantearth.com/media/cache/07/39/073930561cf0a98df7c620e8b11e7a74.jpg
12446842,//image.brilliantearth.com/media/cache/06/55/0655047f5bf1b3c131263b9258d11256.jpg
12203029,//image.brilliantearth.com/media/cache/f9/cb/f9cb7f7951dd769c15d556e14b4844c9.jpg
12479177,//image.brilliantearth.com/media/cache/a4/d1/a4d1fd9d2dcea1622fa23e471bc8cd60.jpg
12317848,//image.brilliantearth.com/media/cache/77/6f/776f2ae558b0bf5776f44358e7a007c6.jpg
12429825,//image.brilliantearth.com/media/cache/6d/6f/6d6fa74b01bb9cc47153c443dd09a5b6.jpg
12317275,//image.brilliantearth.com/media/cache/2f/a1/2fa1838381824add8980b36ea49fe364.jpg
12444578,//image.brilliantearth.com/media/cache/33/52/3352715ba0dd8022a0cdfad379de0a0f.jpg
12343696,//image.brilliantearth.com/media/cache/e2/48/e248eaa3425f873e52670071f5a064c5.jpg
12438896,//image.brilliantearth.com/media/cache/44/20/4420c4213dcb3653c699c4bf7cb77aab.jpg
12445754,//image.brilliantearth.com/media/cache/11/cd/11cd014fce64b00a637688b7fc422c5b.jpg
12444897,//image.brilliantearth.com/media/cache/da/fb/dafb83d1508b1e616d58a16cd4c1b21a.jpg
12427403,//image.brilliantearth.com/media/cache/e0/ca/e0ca0da4c3764b40071170d1cf1866c8.jpg
12373060,//image.brilliantearth.com/media/cache/d5/48/d548b0ea4fddebcfdc0abce29a86fedb.jpg
12395329,//image.brilliantearth.com/media/cache/c7/b3/c7b323eeb64f957b2047c367d5d5ad46.jpg
12443992,//image.brilliantearth.com/media/cache/5e/02/5e0226a8e145fa89b6fac728638880d6.jpg
12445666,//image.brilliantearth.com/media/cache/f2/09/f209ce79dec3a8203b0d304ad4422211.jpg
12316885,//image.brilliantearth.com/media/cache/02/4f/024fd4c9de70482145123279fbb86288.jpg
12178032,//image.brilliantearth.com/media/cache/61/b7/61b7055019f03731670d33dc8925d38c.jpg
12417045,//image.brilliantearth.com/media/cache/a8/82/a882e940d6c60ac41c7f89ba422d478c.jpg
12413445,//image.brilliantearth.com/media/cache/a0/b9/a0b9e7409a1d283d948cdba7f924c01c.jpg
12442511,//image.brilliantearth.com/media/cache/be/0c/be0cc5997fdc11cd30168b4d672d815f.jpg
12363789,//image.brilliantearth.com/media/cache/c2/2a/c22a2481fb198e4951539f98cc4a30c2.jpg
12438813,//image.brilliantearth.com/media/cache/95/5a/955ae68e20379b3654ecdf46bc7c79b6.jpg
12415470,//image.brilliantearth.com/media/cache/80/91/809107f66ba0ded8c217f1b8a0538724.jpg
12431115,//image.brilliantearth.com/media/cache/55/f1/55f19d07b877c016d33404bf32ee415a.jpg
12372456,//image.brilliantearth.com/media/cache/3c/84/3c844ffbf746830b59582ae6b8bba6ba.jpg
12438953,//image.brilliantearth.com/media/cache/18/09/1809fd5a02c1b3fc99a80476e90af809.jpg
12445641,//image.brilliantearth.com/media/cache/5f/bd/5fbdff2542d5b301bf0e90365d9343db.jpg
12294879,//image.brilliantearth.com/media/cache/8e/b8/8eb8592fc4c42660b7489b69f9458069.jpg
12435750,//image.brilliantearth.com/media/cache/38/99/389978a3d19fdba5cd719f141a18871e.jpg
12415383,//image.brilliantearth.com/media/cache/7b/3b/7b3bdded69bf35f98943397183081693.jpg
12413342,//image.brilliantearth.com/media/cache/6b/ec/6bec36c4c381184ef4566b6161f6dae1.jpg
12255433,//image.brilliantearth.com/media/cache/74/4e/744ec6024633e93993e68acd96c81fc3.jpg
12445623,//image.brilliantearth.com/media/cache/45/8c/458c4ec9eb64d0e85236f590cb93d135.jpg
12443631,//image.brilliantearth.com/media/cache/3b/41/3b41b2ca667b87bf5ef7f40a7625140f.jpg
12317894,//image.brilliantearth.com/media/cache/61/33/61332b0e57a16aab7b3a52b2d8846190.jpg
12106884,//image.brilliantearth.com/media/cache/8a/a1/8aa1e387f05a60c6994afb8f46f09e37.jpg
12439106,//image.brilliantearth.com/media/cache/04/8c/048c2511a38ff0930017aa2945f93ba8.jpg
12415763,//image.brilliantearth.com/media/cache/29/99/299974ed5f2fcfddbdc4ed393f761ed8.jpg
12427789,//image.brilliantearth.com/media/cache/ce/02/ce026bcf1681f986a4b772971d80b74a.jpg
12396427,//image.brilliantearth.com/media/cache/fc/53/fc53d642e869c53505f7ec8fb011c6d0.jpg
12444920,//image.brilliantearth.com/media/cache/d6/56/d656033700558889e4477fd6fe865530.jpg
12417135,//image.brilliantearth.com/media/cache/dc/e9/dce99350021109018b4ca363b32c8609.jpg
12398713,//image.brilliantearth.com/media/cache/86/a4/86a4dc3a8c37dbf8a734be81bfcb96e4.jpg
12416055,//image.brilliantearth.com/media/cache/bb/5f/bb5fcf6aa5d18444fc07b463b3b9a8ed.jpg
12398708,//image.brilliantearth.com/media/cache/3b/2a/3b2aa4994f9d384dfed9a9753280be42.jpg
12266104,//image.brilliantearth.com/media/cache/ed/c1/edc166ef5a441968f2e04d22912bde21.jpg
12098971,//image.brilliantearth.com/media/cache/e0/9a/e09ae5bef7f02efcc20ecc980432fe2f.jpg
12267013,//image.brilliantearth.com/media/cache/17/ca/17ca6938e7d4715fcd5270f872bcf0bb.jpg
12372816,//image.brilliantearth.com/media/cache/46/ae/46ae40d71b340c216c2d12910327fd21.jpg
12411608,//image.brilliantearth.com/media/cache/58/dd/58ddd8fb4b63f896fdf41c290ec9e66d.jpg
12439027,//image.brilliantearth.com/media/cache/65/4a/654a92b509168d0ca65ea4c53318a15e.jpg
12431032,//image.brilliantearth.com/media/cache/6f/ab/6fab9bc686b696b1b3020825e9dfff43.jpg
12438787,//image.brilliantearth.com/media/cache/e4/ce/e4ceb5cf1de4a04c5f577ee605da9348.jpg
12374400,//image.brilliantearth.com/media/cache/f2/4e/f24e871e81e479dc429518afe5d7dddd.jpg
12445318,//image.brilliantearth.com/media/cache/46/ba/46baaa4fcd0c94e814ed42c844080c5b.jpg
12374910,//image.brilliantearth.com/media/cache/85/b6/85b6a5e081ef51875cf842e76f189de3.jpg
12343382,//image.brilliantearth.com/media/cache/92/0e/920ea8a0f0c56574bbabb47b40527d05.jpg
12158616,//image.brilliantearth.com/media/cache/11/72/1172948ed413019e0fccc2fec7fc1956.jpg
12305998,//image.brilliantearth.com/media/cache/a5/24/a5240e4ad6cbb353b19cbd64732e1de4.jpg
12451540,//image.brilliantearth.com/media/cache/c9/09/c90950f66c917416c5f985b36b8fa9aa.jpg
12439072,//image.brilliantearth.com/media/cache/da/f4/daf47e6dc967b30b8d66d6d2a387e584.jpg
12442156,//image.brilliantearth.com/media/cache/11/a8/11a8739f02a93f352c0cf7f111231ce8.jpg
12430870,//image.brilliantearth.com/media/cache/f3/7d/f37d54ed1d150f63d64bdd1ca28be0fb.jpg
12438841,//image.brilliantearth.com/media/cache/a3/dd/a3dd4c511fc548a2c420fbac553aa34b.jpg
12413514,//image.brilliantearth.com/media/cache/3b/b5/3bb5de893031c93ab1a8c57d793f10fc.jpg
12438233,//image.brilliantearth.com/media/cache/81/01/81012d1a9ed4afb15ed5103aa9e281cc.jpg
12438128,//image.brilliantearth.com/media/cache/0d/c4/0dc4b3a30bf887cc99872e4a17f8d3c8.jpg
12316838,//image.brilliantearth.com/media/cache/c9/97/c9976178af4e807eec7cdf669ab69374.jpg
12315307,//image.brilliantearth.com/media/cache/ec/f4/ecf4531a22bf8681e981081af58d0c6c.jpg
12408509,//image.brilliantearth.com/media/cache/76/42/764277eae8904aae85a083c6fc1008cb.jpg
12445703,//image.brilliantearth.com/media/cache/70/25/70252ad5b2a7495ff0c377c3064f1ce8.jpg
12058441,//image.brilliantearth.com/media/cache/bd/5d/bd5d148f55ca390fc3bc3e38996fdb55.jpg
12430821,//image.brilliantearth.com/media/cache/90/db/90db50b68716843f32d45d5cd24704e3.jpg
12305088,//image.brilliantearth.com/media/cache/56/a5/56a5beca2901e1b075650e32888c5424.jpg
12417778,//image.brilliantearth.com/media/cache/43/9a/439ad9dd544ffa8e340aede6a3b29e76.jpg
12443765,//image.brilliantearth.com/media/cache/03/01/0301eca1b125497e2fceee63cc6b5daa.jpg
12157438,//image.brilliantearth.com/media/cache/6a/fb/6afbf822ac3f83d5d3835bae36df3fbd.jpg
12316050,//image.brilliantearth.com/media/cache/e1/50/e150a933df01d68546c6487ff7f84254.jpg
12445295,//image.brilliantearth.com/media/cache/30/0f/300f4cb44b36d9df0defe91ef0068043.jpg
12430010,//image.brilliantearth.com/media/cache/b1/15/b1157351795497461b35e40ddae90105.jpg
12209160,//image.brilliantearth.com/media/cache/f9/81/f9814ddc7ff52a5b99bdb716c9aed64d.jpg
12315764,//image.brilliantearth.com/media/cache/aa/15/aa15f92e84364d4e9fddef3c10ede542.jpg
12438039,//image.brilliantearth.com/media/cache/6c/0c/6c0ca53febc1f67651f1af8a397c3a62.jpg
12395929,//image.brilliantearth.com/media/cache/37/88/3788eb3db1c72e40d31e1a8b4a3dd908.jpg
12374437,//image.brilliantearth.com/media/cache/5c/5e/5c5ef50db7f58270e47cd0dc6d301bb0.jpg
12099141,//image.brilliantearth.com/media/cache/bc/3e/bc3e86922f79ec33dfc2f2eaa7694409.jpg
12443612,//image.brilliantearth.com/media/cache/f6/7b/f67b0d59c512fb0c72e8aec05793c752.jpg
12428655,//image.brilliantearth.com/media/cache/61/21/6121eb6c8659e600daa60e6a85badc26.jpg
12409696,//image.brilliantearth.com/media/cache/80/9d/809d8d97d747b3188ba3e16b935d7fc4.jpg
12443601,//image.brilliantearth.com/media/cache/c6/ef/c6ef60da9567d158b8bd9f84d67bfd15.jpg
12443565,//image.brilliantearth.com/media/cache/2e/d6/2ed66d5afc785173c478677fbfabf5b4.jpg
12062464,//image.brilliantearth.com/media/cache/83/27/8327d78f2c9577ee4c2a7e565fe4a52c.jpg
12444165,//image.brilliantearth.com/media/cache/1d/d9/1dd9414cd6b0d5b6e0efc1a42f297d04.jpg
12061605,//image.brilliantearth.com/media/cache/0f/a2/0fa29ef352baa9b2a6db710a91f42657.jpg
12444171,//image.brilliantearth.com/media/cache/2e/09/2e095305dfb286589f8ed527ff4a914f.jpg
12439057,//image.brilliantearth.com/media/cache/9a/95/9a95902cb50f1f7d2eec79acae2c4dc1.jpg
12438280,//image.brilliantearth.com/media/cache/47/34/473427428efa27e19b0d89d6809cb642.jpg
12039747,//image.brilliantearth.com/media/cache/5e/69/5e6903cbe8690362544d8310a1e573e6.jpg
12410072,//image.brilliantearth.com/media/cache/cb/98/cb9871991ee3df54a2e195f755dd9522.jpg
12417093,//image.brilliantearth.com/media/cache/b7/98/b7986a756d92e93088141697fb560a07.jpg
12439068,//image.brilliantearth.com/media/cache/3d/25/3d253fdf0617cdd1cd5127e5614cf5b6.jpg
12373967,//image.brilliantearth.com/media/cache/2a/b1/2ab1e825375b94932cbd9e7e0682da91.jpg
12413313,//image.brilliantearth.com/media/cache/64/38/64386fd0f19695932e757e1f964688fa.jpg
12442269,//image.brilliantearth.com/media/cache/e9/e2/e9e29eb3ea3158d362642e084b4bd1d0.jpg
12409210,//image.brilliantearth.com/media/cache/b1/c4/b1c481b87f7fa340742fe0e22a237229.jpg
12372770,//image.brilliantearth.com/media/cache/69/4a/694a64d1401fc89c4814b74e9fc60ece.jpg
12408911,//image.brilliantearth.com/media/cache/85/38/85386e1190e9b7dd9b5f2e91f4bc180e.jpg
12416671,//image.brilliantearth.com/media/cache/81/06/81069a2adeb99465192619ab6f260b07.jpg
12276444,//image.brilliantearth.com/media/cache/85/60/8560cfa2cf488fd67f03a261312175c8.jpg
12479171,//image.brilliantearth.com/media/cache/a4/c8/a4c8a8f1cbcff13215c613c092c04563.jpg
12217828,//image.brilliantearth.com/media/cache/10/9e/109e2fcb0addbc2be0af82cf0049b932.jpg
12437979,//image.brilliantearth.com/media/cache/0d/5a/0d5af087574c3d0f107124889259fd67.jpg
12373357,//image.brilliantearth.com/media/cache/8f/bb/8fbbb146e565c6a5a80e4b9e5f16157f.jpg
12493914,//image.brilliantearth.com/media/cache/0f/ac/0facb657c370462feebf60656b52466f.jpg
12438990,//image.brilliantearth.com/media/cache/03/c5/03c54d3d35b9f16adef95aaa22eb8eff.jpg
12440610,//image.brilliantearth.com/media/cache/af/0b/af0b5ff2919a996e598435bd99365d3b.jpg
12412185,//image.brilliantearth.com/media/cache/10/2b/102bebaa9a15c78df9a852447a69e88b.jpg
12435795,//image.brilliantearth.com/media/cache/e4/95/e495d444c4431f4c75950fab53992fa3.jpg
12435712,//image.brilliantearth.com/media/cache/8e/25/8e25cef587772bdc89008fc2c2fcbb65.jpg
12435845,//image.brilliantearth.com/media/cache/ae/7c/ae7c0e8e094ec38c0307641f1ffbf6df.jpg
12469900,//image.brilliantearth.com/media/cache/f1/9d/f19dcf0f2a365634c00b352572460a2d.jpg
12440910,//image.brilliantearth.com/media/cache/36/09/3609ee9d9843af3309bfd7739602436a.jpg
12436070,//image.brilliantearth.com/media/cache/67/bd/67bd2948105595a6b4ab7b7052006e5e.jpg
12435892,//image.brilliantearth.com/media/cache/c5/46/c5461b5de04a53295aaea8df2161123a.jpg
12435684,//image.brilliantearth.com/media/cache/0d/1f/0d1f2b708c935447b177240fe5e3de4e.jpg
12470440,//image.brilliantearth.com/media/cache/79/3a/793a95f924b0e5155f1bfc55796fbbc2.jpg
12435677,//image.brilliantearth.com/media/cache/bc/af/bcafe24e1a79a004fc1f821b57c20e64.jpg
12435917,//image.brilliantearth.com/media/cache/23/0e/230e3527e8bf3363b58e675efaaa5bc7.jpg
12435761,//image.brilliantearth.com/media/cache/29/3d/293dc11ce3752549e5621733ea0c2106.jpg
12493927,//image.brilliantearth.com/media/cache/95/ee/95ee97358d015ae08cd4bafb417cdb2e.jpg
12481681,//image.brilliantearth.com/media/cache/6e/9e/6e9ef2b3dc8fc3052cc8c3bf1ded46a0.jpg
12435703,//image.brilliantearth.com/media/cache/39/83/3983ba213f6855a565ad1969bb4af917.jpg
12435807,//image.brilliantearth.com/media/cache/07/c3/07c30eef14d7ae8d3be997e431cc06d6.jpg
12435940,//image.brilliantearth.com/media/cache/b6/4b/b64b7dd472639da280715f1c993c877e.jpg
12493920,//image.brilliantearth.com/media/cache/bf/17/bf17e237e0a15bcb25f24f1978201c53.jpg
12500116,//image.brilliantearth.com/media/cache/24/57/2457c061337c5183ccce1516e131c849.jpg
12493911,//image.brilliantearth.com/media/cache/77/e4/77e48c262b979c455e4828db51f941b6.jpg
12412330,//image.brilliantearth.com/media/cache/49/7b/497b6088e7e28469d0dfc071a1da04e4.jpg
12400516,//image.brilliantearth.com/media/cache/2d/07/2d077834304f4aefc67e8d2099bbf4ab.jpg
12400291,//image.brilliantearth.com/media/cache/82/55/825520c2dd7d88c17a907c7d2f41217d.jpg
12387736,//image.brilliantearth.com/media/cache/6e/13/6e13ba5f80415af746e749d52d4bdcd8.jpg
12387737,//image.brilliantearth.com/media/cache/02/5b/025b5be97cb8e2f34626b118b72823d4.jpg
12400347,//image.brilliantearth.com/media/cache/cf/78/cf78127cff181230da8890f057213eff.jpg
12435816,//image.brilliantearth.com/media/cache/df/08/df0844dd2655a3491aaf3dc706379e24.jpg
12435741,//image.brilliantearth.com/media/cache/a3/f3/a3f36f7bc300e590f3709e33ade86954.jpg
12493944,//image.brilliantearth.com/media/cache/09/99/099962510ad6e410c3e1010b2bfafdb1.jpg
12367910,//image.brilliantearth.com/media/cache/51/50/51500577436abe73c329e55de06d14d5.jpg
12400486,//image.brilliantearth.com/media/cache/27/65/2765495f6cff5ccd44035a1746836908.jpg
12412196,//image.brilliantearth.com/media/cache/c4/c4/c4c4b4770b05838b7c1d64107df141dc.jpg
12442142,//image.brilliantearth.com/media/cache/fd/ac/fdacdc4c3142e4dc830de532899492b0.jpg
12469863,//image.brilliantearth.com/media/cache/15/68/1568117ff4120b1ad648a0bd21ce5d98.jpg
12470392,//image.brilliantearth.com/media/cache/31/e4/31e4a382329b48dad13b17e39e4244e5.jpg
12209212,//image.brilliantearth.com/media/cache/f1/57/f157a7ac7ecb1f65dfc4cdea72ec9adc.jpg
12449843,//image.brilliantearth.com/media/cache/86/7b/867b71a9877a33f2a1113ec7421581ab.jpg
12412347,//image.brilliantearth.com/media/cache/14/63/1463cf2ef2a3ceda9c97c9df04cd20e9.jpg
12445509,//image.brilliantearth.com/media/cache/74/7c/747caab39602123453b38f29e7bdf85a.jpg
12400520,//image.brilliantearth.com/media/cache/66/39/663976f1635e9765b403e536e5f3bddd.jpg
12368213,//image.brilliantearth.com/media/cache/05/a2/05a299abdbdfb3df2e5c2ccffdb2bed2.jpg
12435736,//image.brilliantearth.com/media/cache/71/03/7103d8bfb44486d932c4d99dd146e518.jpg
12435851,//image.brilliantearth.com/media/cache/dc/b2/dcb22409fe2fa0e64956d2bcdbca980f.jpg
12469449,//image.brilliantearth.com/media/cache/60/69/606986a23ee7f713e28174c870fc9722.jpg
12297601,//image.brilliantearth.com/media/cache/2b/e3/2be3f8a8522a86f10a0634f0f7982062.jpg
12435786,//image.brilliantearth.com/media/cache/9d/05/9d05ac4dda56137873e9c1cdaa025765.jpg
12435870,//image.brilliantearth.com/media/cache/65/aa/65aacf6b39997ccc39742156997f9780.jpg
12435722,//image.brilliantearth.com/media/cache/46/20/4620be585472ca172290802dd195985b.jpg
12412288,//image.brilliantearth.com/media/cache/16/80/16801586ed7fce27b7b852fc5a969b9f.jpg
12412190,//image.brilliantearth.com/media/cache/87/c2/87c230dad37ca86057ea9ea901619aeb.jpg
12368417,//image.brilliantearth.com/media/cache/df/58/df58c146e2249e37195654dc6b4a35da.jpg
12412235,//image.brilliantearth.com/media/cache/6e/ef/6eef3650d6f438ed6ccc90b9e81ba1f6.jpg
11226998,//image.brilliantearth.com/media/cache/97/d4/97d428265ed9fcd18d5acd3cbfa65e7c.jpg
12368356,//image.brilliantearth.com/media/cache/e8/ad/e8addb566790a03809d3565aff6a047f.jpg
12400365,//image.brilliantearth.com/media/cache/2c/c9/2cc950e4ef1051e394d616a5b6d8410f.jpg
12412311,//image.brilliantearth.com/media/cache/a5/37/a53795307d7793a6a4f2a58b20147e69.jpg
12400478,//image.brilliantearth.com/media/cache/16/0b/160b1c0df5b95aa7d3ebc89df44317d7.jpg
12470115,//image.brilliantearth.com/media/cache/d4/f2/d4f25be11fa1515332c216471614261c.jpg
12435843,//image.brilliantearth.com/media/cache/fd/7e/fd7ebc7f5ed8e16109d23ec787c959a7.jpg
12435726,//image.brilliantearth.com/media/cache/7f/95/7f9564fbc1e6911690734f0b9e508d01.jpg
12463605,//image.brilliantearth.com/media/cache/19/4e/194eb0cac143fba9e0519b3173157284.jpg
12424182,//image.brilliantearth.com/media/cache/ba/3e/ba3e5a2da9c7583e9fd616174dc28d5b.jpg
12400364,//image.brilliantearth.com/media/cache/66/fa/66fa2aa211d3d000f5e1cd1c21fbb3a0.jpg
12400526,//image.brilliantearth.com/media/cache/29/ca/29cabdaae3ce503aa4be53c03019bb52.jpg
12412302,//image.brilliantearth.com/media/cache/95/30/9530e0f91574808941e876655b7cc553.jpg
12412341,//image.brilliantearth.com/media/cache/09/00/0900e1183d9fd5609b17be04c204e445.jpg
12101418,//image.brilliantearth.com/media/cache/a9/80/a9800b75cef720c9fd370dc3d24a4f6c.jpg
12358381,//image.brilliantearth.com/media/cache/18/a5/18a5b9aea384ad684a5e31846065bf58.jpg
12401966,//image.brilliantearth.com/media/cache/f0/b6/f0b6db4a107c6242b449a58ef596943d.jpg
12469402,//image.brilliantearth.com/media/cache/77/f7/77f7558811e76222ff974fafaa80c814.jpg
11441511,//image.brilliantearth.com/media/cache/32/c2/32c208a40298772693f2294606cca4ac.jpg
12353614,//image.brilliantearth.com/media/cache/7d/4e/7d4e660ee81d00b6e6cb3ca20b957d46.jpg
12462629,//image.brilliantearth.com/media/cache/1d/6d/1d6d73909f786ce68578cfd4cc71876f.jpg
12470095,//image.brilliantearth.com/media/cache/63/8d/638ddb940d7692fcbbd5af5f926ee7d8.jpg
12436020,//image.brilliantearth.com/media/cache/8a/fd/8afda2b435758649dcc35a3887a5970f.jpg
12435818,//image.brilliantearth.com/media/cache/4b/aa/4baab5c08b8e6b6149e5f9c9fdad03ae.jpg
12486730,//image.brilliantearth.com/media/cache/40/5f/405ffaf0896f6ad19b490cee5cf9e60e.jpg
12470119,//image.brilliantearth.com/media/cache/ba/26/ba26f90b868c0eeaf3e62da36e228816.jpg
12472785,//image.brilliantearth.com/media/cache/e6/7f/e67fcece3fc5aa144cdd8aedf8c11e6e.jpg
12493963,//image.brilliantearth.com/media/cache/43/03/43038b7c837c8b099f7437f1d8a07904.jpg
12472389,//image.brilliantearth.com/media/cache/aa/e7/aae70733e61047f72f21c5510d6d1253.jpg
12491658,//image.brilliantearth.com/media/cache/8d/84/8d8441746b41cb9def7c4cfa3594afad.jpg
12447617,//image.brilliantearth.com/media/cache/ce/78/ce7822775a81c04365bac5c8864afd20.jpg
12470015,//image.brilliantearth.com/media/cache/f1/42/f142365e06516213a23bc88b070bfb39.jpg
11286826,//image.brilliantearth.com/media/cache/a6/f4/a6f4a99aaba8e07d13884c628d1098d6.jpg
12402012,//image.brilliantearth.com/media/cache/68/29/6829fd81685583e81f4eb15e6b478baa.jpg
12299884,//image.brilliantearth.com/media/cache/c1/83/c183c0144cbfe18060aff0c2ad49ec14.jpg
12436040,//image.brilliantearth.com/media/cache/e8/35/e835a887265f0db6b0b6b7253bf71851.jpg
12401887,//image.brilliantearth.com/media/cache/91/12/9112c026c1fda1f23d2f053b73105130.jpg
12299996,//image.brilliantearth.com/media/cache/59/30/59302c0ea55ffb5aac666583d9b0900e.jpg
12424023,//image.brilliantearth.com/media/cache/5b/b1/5bb1815516eb21441bbefe44c890fe79.jpg
12401892,//image.brilliantearth.com/media/cache/6b/8f/6b8fda3bc4ce5fc981fef0fa89fc8997.jpg
12413451,//image.brilliantearth.com/media/cache/fd/b6/fdb6049580dc14e2a17f4a2aeda463f9.jpg
12424158,//image.brilliantearth.com/media/cache/3d/ad/3dad76c1210653a8d885ebeff5287043.jpg
12440679,//image.brilliantearth.com/media/cache/0a/bd/0abdfdfafe4101a6fa2f2a1a4d4f3d74.jpg
12424025,//image.brilliantearth.com/media/cache/a4/ce/a4ce898ef4df50444b90afafc22aeed8.jpg
12401914,//image.brilliantearth.com/media/cache/23/30/233071c2ba0afef6c96d3035ec305e88.jpg
12424282,//image.brilliantearth.com/media/cache/53/fc/53fc4d137d5c0d0667fcf2094c365692.jpg
12300090,//image.brilliantearth.com/media/cache/e2/3d/e23da11e075d27647ac04ebda5610811.jpg
12416019,//image.brilliantearth.com/media/cache/35/89/35890dd9750f06dae27d2a3d1891d658.jpg
12493951,//image.brilliantearth.com/media/cache/7a/e3/7ae3900a5ae3b6e9c3c7e5453e42f4b0.jpg
12437329,//image.brilliantearth.com/media/cache/0b/7d/0b7d991336e1af6c1fbb60f427246f7c.jpg
11286818,//image.brilliantearth.com/media/cache/3e/d4/3ed42aa6124eb363a2f4dfb8dae0adea.jpg
12300705,//image.brilliantearth.com/media/cache/88/98/8898e6114623dff68cdc81c33f4ac8a4.jpg
12491656,//image.brilliantearth.com/media/cache/c9/2a/c92a1414ee1f45c405897d394d4ff0b1.jpg
12383153,//image.brilliantearth.com/media/cache/a3/dc/a3dc3c8a391e7df98074307cb2baf37b.jpg
12437128,//image.brilliantearth.com/media/cache/cc/47/cc4707dcb59a9ebf5cfcc3352a41b361.jpg
12424076,//image.brilliantearth.com/media/cache/c2/1b/c21b3efadf258661e7886e4999c9c0d7.jpg
12401998,//image.brilliantearth.com/media/cache/a3/69/a36938392c43d0e90d23f04ceacdee42.jpg
12038684,//image.brilliantearth.com/media/cache/05/c7/05c7b0f112f412f7a48c040f04b5f395.jpg
12416849,//image.brilliantearth.com/media/cache/78/da/78dae680ded5cbb7c4a36d049e5976dc.jpg
12037778,//image.brilliantearth.com/media/cache/31/e0/31e030160f0a231798a6c82c99b87740.jpg
12443920,//image.brilliantearth.com/media/cache/b1/fc/b1fcb0181906f820c7f1e862cddda8aa.jpg
12049674,//image.brilliantearth.com/media/cache/8d/14/8d14447550ce90f9579fee242528af2f.jpg
12188037,//image.brilliantearth.com/media/cache/15/26/1526c01e542d8659cc4720b733f876c3.jpg
12062563,//image.brilliantearth.com/media/cache/69/61/69615644f31f9bd16bb65b0dbb41da55.jpg
12116542,//image.brilliantearth.com/media/cache/f8/5f/f85f975fdcf9ab74d1621485110b0508.jpg
12408562,//image.brilliantearth.com/media/cache/da/fb/dafba17e2733b73e16ea98b403145184.jpg
12303958,//image.brilliantearth.com/media/cache/cb/d6/cbd60a115e075ff064c00890ff25a2eb.jpg
12303759,//image.brilliantearth.com/media/cache/e2/ea/e2ea2ab8d0429117393eb145b22578f0.jpg
12372537,//image.brilliantearth.com/media/cache/c4/1b/c41bba97f476c9afe076affc026401e5.jpg
12276743,//image.brilliantearth.com/media/cache/d7/02/d702f7cfe92e4bde2720a8205a860eb7.jpg
12317704,//image.brilliantearth.com/media/cache/7d/e1/7de1af72f5f9066f35fcd928cef61fe4.jpg
12316961,//image.brilliantearth.com/media/cache/93/b5/93b5322e414bdc8419a61783d75bb6f7.jpg
12317997,//image.brilliantearth.com/media/cache/7f/43/7f43f1c14a729e5291c083927302755c.jpg
12277134,//image.brilliantearth.com/media/cache/a7/a8/a7a88cb9776bdd8bf334439227ddbeb5.jpg
12429574,//image.brilliantearth.com/media/cache/bd/61/bd61b6a1d9802c63bc28ff8779f52995.jpg
12409536,//image.brilliantearth.com/media/cache/ed/2f/ed2ff0d8a849be6b0a21ec9537eeb552.jpg
12317365,//image.brilliantearth.com/media/cache/33/f4/33f49cfd390d447df1d72e1f0eee921d.jpg
12386773,//image.brilliantearth.com/media/cache/ab/3a/ab3a08077ff7667ecede44618a5a6091.jpg
12444488,//image.brilliantearth.com/media/cache/a3/f1/a3f1c02dc10521eb761bfe7db174c54d.jpg
12428272,//image.brilliantearth.com/media/cache/2d/1f/2d1fbfdd5fadf07bb12d466c4f671871.jpg
12316780,//image.brilliantearth.com/media/cache/4f/b8/4fb88015e2581937422b72296c9a1aa8.jpg
12306682,//image.brilliantearth.com/media/cache/12/c8/12c83157df4519a35d45c484ed088e3c.jpg
12335285,//image.brilliantearth.com/media/cache/09/d7/09d7a0708b2c16b0a526d54197f09aba.jpg
12317583,//image.brilliantearth.com/media/cache/29/ed/29ed2f96ed4e2cc0e50ff0e046105554.jpg
12429112,//image.brilliantearth.com/media/cache/a2/5b/a25b1e3cff41448191684cd962492199.jpg
12071969,//image.brilliantearth.com/media/cache/c3/ca/c3cadc48c5501913ba3441289c841439.jpg
12429865,//image.brilliantearth.com/media/cache/ed/91/ed9146083fbc30bcf7f5e54bf5efda28.jpg
12443818,//image.brilliantearth.com/media/cache/b4/0d/b40de9917f5031b734ab2010806d75ad.jpg
12444840,//image.brilliantearth.com/media/cache/f7/8a/f78aca3c23cea6380e11d6de2716f3f9.jpg
12072541,//image.brilliantearth.com/media/cache/2f/98/2f98ec04e0c8ae75cf19f3dc78755693.jpg
12054273,//image.brilliantearth.com/media/cache/d6/43/d643dcba3aca130a90d01e9af4d5d7bb.jpg
12122509,//image.brilliantearth.com/media/cache/1c/8a/1c8a8d23e60186ec323655a6c46494dc.jpg
12043817,//image.brilliantearth.com/media/cache/96/1b/961be034de00fabb46ff0d505b08d4eb.jpg
12072025,//image.brilliantearth.com/media/cache/de/de/dede072d7c1813dbc7c236db77a23a3c.jpg
12107719,//image.brilliantearth.com/media/cache/4c/38/4c3888723bca0f8ac0531361bf53d428.jpg
12071272,//image.brilliantearth.com/media/cache/98/81/98819a982497e0edc4d3dc5997f4b248.jpg
12051540,//image.brilliantearth.com/media/cache/b8/89/b88924338f826a272d93091450332b22.jpg
12277024,//image.brilliantearth.com/media/cache/7e/d7/7ed72301759bd4a801a9763792c656c6.jpg
12429764,//image.brilliantearth.com/media/cache/8a/ce/8ace423d61b6fd7f51c3d0d3bfd77198.jpg
12374543,//image.brilliantearth.com/media/cache/b8/10/b81024978482849916cc69348cd7c454.jpg
12315726,//image.brilliantearth.com/media/cache/ba/6d/ba6d08904310bc1197de668ba0c735a4.jpg
12447774,//image.brilliantearth.com/media/cache/e0/cb/e0cbc922efbeaa03a87ac9354471d8b0.jpg
12089005,//image.brilliantearth.com/media/cache/38/37/38370f5de40720cc749fa35395692d8d.jpg
12395999,//image.brilliantearth.com/media/cache/23/78/23788c8b5d4fd120277cd78983ab3dfd.jpg
12255920,//image.brilliantearth.com/media/cache/c9/fe/c9fe1f097c9a9c3f551b638bbe1b54a4.jpg
12445038,//image.brilliantearth.com/media/cache/24/fb/24fbd59f34d7632465cfa10c39d09f26.jpg
12447850,//image.brilliantearth.com/media/cache/85/2e/852ec91dbef11c974dee1c169dc50182.jpg
12417847,//image.brilliantearth.com/media/cache/a7/ad/a7ad7af74f88e8a85adde81a1255f2bc.jpg
12449824,//image.brilliantearth.com/media/cache/7e/31/7e31b8f8acb3606f7f157d0e480bc907.jpg
12416884,//image.brilliantearth.com/media/cache/66/dc/66dcc8899aab44cfbd3e1440eebaeb9a.jpg
12178624,//image.brilliantearth.com/media/cache/ba/e2/bae2bdc2c6e030182e9a91e8920d183b.jpg
12373475,//image.brilliantearth.com/media/cache/4b/01/4b015e4eb2a55cae0019f461db0918b9.jpg
12156971,//image.brilliantearth.com/media/cache/34/fe/34fe00454428eb400437710c205bfab8.jpg
12445750,//image.brilliantearth.com/media/cache/ea/45/ea45b3079adde9a550b6bf942825168c.jpg
12062059,//image.brilliantearth.com/media/cache/4c/12/4c12ead6a464f110db8e859f4c32c8cc.jpg
12303083,//image.brilliantearth.com/media/cache/98/4e/984e5557510708267b42e142e906245c.jpg
12344354,//image.brilliantearth.com/media/cache/3c/fc/3cfc1702514e60f8e796b362971e939a.jpg
12051464,//image.brilliantearth.com/media/cache/0c/91/0c91d0f81ddda093d0e494785aa73406.jpg
12446732,//image.brilliantearth.com/media/cache/29/42/29420254d3080848fb37564be45e6fea.jpg
12316280,//image.brilliantearth.com/media/cache/c0/8a/c08a1e3b65b297742d3cce005b4afd86.jpg
12317321,//image.brilliantearth.com/media/cache/8e/a0/8ea041641d9c07f6f342755b22375e04.jpg
12038451,//image.brilliantearth.com/media/cache/03/3e/033e66dda7cd7b5082f80930521761c4.jpg
12294588,//image.brilliantearth.com/media/cache/3f/2e/3f2e4c520c4635dab6e439afe67b6d74.jpg
12447692,//image.brilliantearth.com/media/cache/af/b3/afb3e66c468f34db9fe276dd6a4b8d9c.jpg
12435720,//image.brilliantearth.com/media/cache/8a/20/8a2005eaf3de09272006f51837b03ed6.jpg
12294412,//image.brilliantearth.com/media/cache/42/c1/42c10112c520d3357e05a22e31ee755e.jpg
12447611,//image.brilliantearth.com/media/cache/55/a1/55a17cfd46f01a181eb19d69c9180f84.jpg
12294868,//image.brilliantearth.com/media/cache/b4/93/b493fc6bb69aa16e7bd141d64769c84d.jpg
12052328,//image.brilliantearth.com/media/cache/29/43/29438b8786edca6f32cc47c4f02ae2f7.jpg
12335174,//image.brilliantearth.com/media/cache/58/a5/58a58ad48e217b71e073c44e45e7e4a7.jpg
12409351,//image.brilliantearth.com/media/cache/86/ac/86ac034bd53f6a95de87cea0596a7eb5.jpg
12217533,//image.brilliantearth.com/media/cache/2a/b5/2ab5799b86801c00344c30513dad2577.jpg
12408822,//image.brilliantearth.com/media/cache/6c/74/6c7462e3b5827d94c20797782dd7a4f7.jpg
12428656,//image.brilliantearth.com/media/cache/70/2a/702a1e81875e6e8339fb4d83b13a5e58.jpg
12217406,//image.brilliantearth.com/media/cache/3f/2c/3f2cb9faf7e141a61b9d14c52ce6305c.jpg
12371855,//image.brilliantearth.com/media/cache/2b/47/2b47bc4ee5f0bc2d0d300ceb5b6c02ea.jpg
12071126,//image.brilliantearth.com/media/cache/ef/53/ef531b932d87640567e650f202d73eeb.jpg
12371893,//image.brilliantearth.com/media/cache/07/f5/07f5222f678f8e59bf315deb35fe5abf.jpg
12443907,//image.brilliantearth.com/media/cache/5f/11/5f113dfcd8a178a1176fb743fb0d2d79.jpg
12446917,//image.brilliantearth.com/media/cache/57/ad/57ad81cdfc8c7813b64b051569e67961.jpg
12188237,//image.brilliantearth.com/media/cache/ba/17/ba17e94f1c8aa3661bb35aca11879fee.jpg
12317721,//image.brilliantearth.com/media/cache/1e/27/1e27c1dd66d8ed5d89c954376eb2880c.jpg
12430240,//image.brilliantearth.com/media/cache/ab/51/ab51d6dcce4413170c90f08d4831e000.jpg
12334612,//image.brilliantearth.com/media/cache/24/15/241587d1a29450c5c26b13222c3c3e38.jpg
12178575,//image.brilliantearth.com/media/cache/fb/b2/fbb2e22798daee6535636f17afd05ce4.jpg
12316672,//image.brilliantearth.com/media/cache/76/40/764030761a86ad6fff87d77495e29071.jpg
12335759,//image.brilliantearth.com/media/cache/91/56/9156987188c004a3851c072317ad59ad.jpg
12344514,//image.brilliantearth.com/media/cache/71/43/7143c4feb69f1cf583a27092ee8476ad.jpg
12416744,//image.brilliantearth.com/media/cache/da/3a/da3a5cca2b4551c16d201c6daada1359.jpg
12316544,//image.brilliantearth.com/media/cache/bc/6c/bc6c44693561ce03fe5825a55f919499.jpg
12447787,//image.brilliantearth.com/media/cache/5a/07/5a07323bdf97998d05ff0fc18531dafa.jpg
12362782,//image.brilliantearth.com/media/cache/fc/bd/fcbd19418dabba6bf5baa16884ea6116.jpg
12315553,//image.brilliantearth.com/media/cache/4e/9e/4e9e014f70bb869031f21d6e56d7a3bd.jpg
12428739,//image.brilliantearth.com/media/cache/10/35/10350a04ec4982d31b6458dab01658f7.jpg
12098530,//image.brilliantearth.com/media/cache/d8/e3/d8e3382ab93f1cc6eda06cb6eaea4089.jpg
12446905,//image.brilliantearth.com/media/cache/ed/b9/edb954468ba7e0c8c5736bf6780f1d12.jpg
12415567,//image.brilliantearth.com/media/cache/3e/4e/3e4e68ff67780f5db88edaf35cc2fdf9.jpg
12447872,//image.brilliantearth.com/media/cache/66/4a/664acacbd156f3a06f38e87f50820bb4.jpg
12446186,//image.brilliantearth.com/media/cache/66/c8/66c8e09924a0b9263f582a8a6b4a4de0.jpg
12294494,//image.brilliantearth.com/media/cache/a3/41/a341980c78e04e659552260d5e937ceb.jpg
12267078,//image.brilliantearth.com/media/cache/81/36/81362909073dc228bcd60c374bf7b350.jpg
12315721,//image.brilliantearth.com/media/cache/ad/74/ad74939d988308c6eec4f5587d02cca7.jpg
12248294,//image.brilliantearth.com/media/cache/b7/52/b752ea99bcef84c6056de387c1f357dc.jpg
12178042,//image.brilliantearth.com/media/cache/a8/ae/a8ae00bcbeb234883177b114748afa23.jpg
12305355,//image.brilliantearth.com/media/cache/20/84/2084116d20dbbafacce7de3828a1542d.jpg
12294820,//image.brilliantearth.com/media/cache/88/b5/88b5ba86fa9a2f83e75fa5bebecc6cf6.jpg
12444168,//image.brilliantearth.com/media/cache/84/4f/844f17108d4b05a5f85f993412a393b9.jpg
12435822,//image.brilliantearth.com/media/cache/de/8b/de8b2e166d96cfe653bba31e35f6a642.jpg
12435705,//image.brilliantearth.com/media/cache/52/28/5228574e588811e7067e3f59f772bb70.jpg
12344497,//image.brilliantearth.com/media/cache/75/52/75523efb4d0d2140376370ebdae4c32f.jpg
12446149,//image.brilliantearth.com/media/cache/4f/34/4f34c7cb03a7fe7728eb3c404fb9e641.jpg
12395143,//image.brilliantearth.com/media/cache/34/9f/349f5d5d6d3e58f0016dae9013310a44.jpg
12447839,//image.brilliantearth.com/media/cache/ac/ac/acac2c0e9c773d3dfbd58dd047ac56bb.jpg
12446720,//image.brilliantearth.com/media/cache/1c/4a/1c4a4fad4ab85d942288f9ed4ae6c718.jpg
12439105,//image.brilliantearth.com/media/cache/b5/36/b5363a4294c9f16ed2c401a5be9daa25.jpg
12187892,//image.brilliantearth.com/media/cache/30/ca/30ca43d4777e8c6dc40437bb533881e0.jpg
12055862,//image.brilliantearth.com/media/cache/b8/97/b897f82b61aad05c24cfc34a3f97e8b1.jpg
12409127,//image.brilliantearth.com/media/cache/53/4f/534f423b56911a3f9735ce5e08cf9fa7.jpg
12177007,//image.brilliantearth.com/media/cache/42/fd/42fdaf31ea5a906012fbd53f1fd9f839.jpg
12040254,//image.brilliantearth.com/media/cache/5c/3a/5c3aa09661358159659f331727732f06.jpg
12040995,//image.brilliantearth.com/media/cache/16/e5/16e557a653d638fdcf556f5016683da6.jpg
12438943,//image.brilliantearth.com/media/cache/fa/d9/fad9693eb7a490266b9f4464f9bfbfea.jpg
12157601,//image.brilliantearth.com/media/cache/f8/19/f8192c94333609b438f84556198a9dd1.jpg
12073114,//image.brilliantearth.com/media/cache/c6/9a/c69a1045edbd2690072927f6cdb3b9b7.jpg
12444275,//image.brilliantearth.com/media/cache/39/e7/39e7ceb2270df13d8033056a9029259e.jpg
12397301,//image.brilliantearth.com/media/cache/4d/2c/4d2c787a9d5be142ab5dc4836717b332.jpg
12415893,//image.brilliantearth.com/media/cache/14/4d/144d318fbcbc826fbe24d54835ee0b5e.jpg
12178264,//image.brilliantearth.com/media/cache/5f/95/5f959b255b803a6e5bfebd27c91c9a75.jpg
12429485,//image.brilliantearth.com/media/cache/47/a0/47a04fca5e8ae3db43d31b885c75c151.jpg
12044964,//image.brilliantearth.com/media/cache/87/c8/87c850a8a2e692494f2ead9c0ad57a28.jpg
12444973,//image.brilliantearth.com/media/cache/82/c0/82c007c4303f3939dd15aaa8c03ad1b3.jpg
12396837,//image.brilliantearth.com/media/cache/70/46/704692a1b9be554402c75c1188c4890c.jpg
12500049,//image.brilliantearth.com/media/cache/9f/52/9f52a02d7cf7f37d9e3ed5a14b89001d.jpg
12430720,//image.brilliantearth.com/media/cache/be/0e/be0e74fc733db13a3844caf832f26f48.jpg
12116719,//image.brilliantearth.com/media/cache/c7/ac/c7ac43922f44de6880bb5068f8897b97.jpg
12374592,//image.brilliantearth.com/media/cache/5e/54/5e54d595e5e917162f4da3ea346cc878.jpg
12117631,//image.brilliantearth.com/media/cache/a5/41/a541057331055752b38897f30876c813.jpg
12343549,//image.brilliantearth.com/media/cache/d8/de/d8de2c9fc7a0d3353e2112b175d2c1b9.jpg
12374456,//image.brilliantearth.com/media/cache/75/29/75298d3836228121dbba3fbaf3b76acc.jpg
12363848,//image.brilliantearth.com/media/cache/1b/06/1b068cbc8f7b2ffc0369093631915e23.jpg
12158022,//image.brilliantearth.com/media/cache/d8/65/d865fe09fc302d406925cc9202b9d525.jpg
12055285,//image.brilliantearth.com/media/cache/eb/ea/ebea4783b35d260aebda0b66ca4f3d2e.jpg
12446443,//image.brilliantearth.com/media/cache/fc/29/fc2958a4c1ec6150a3bb4d30307bf6e7.jpg
12372087,//image.brilliantearth.com/media/cache/a5/97/a5972cfb41b9cf35b395176f428584f3.jpg
12428585,//image.brilliantearth.com/media/cache/ed/a2/eda2600dba562a48279a2faf76e2d25a.jpg
12049931,//image.brilliantearth.com/media/cache/6f/b9/6fb9d88479ca6115a0b5c9dbe06f213c.jpg
12276675,//image.brilliantearth.com/media/cache/1a/b4/1ab4279d55e2474029f1bbf2cc2bbb7c.jpg
12058137,//image.brilliantearth.com/media/cache/9f/b3/9fb382e43c8bb23a4a137d0f9ccd3136.jpg
12052931,//image.brilliantearth.com/media/cache/c2/e0/c2e0b3b5f430690299ecc9951120e535.jpg
12438098,//image.brilliantearth.com/media/cache/b6/e4/b6e4851eac947a414e457b9885483d26.jpg
12438319,//image.brilliantearth.com/media/cache/1e/e2/1ee27d2becddc55c90f09684faabca8c.jpg
12443918,//image.brilliantearth.com/media/cache/1a/56/1a561882f8e7df8a45200b9d19eb0fd8.jpg
12427638,//image.brilliantearth.com/media/cache/98/a1/98a1866a7c4c44444c62718dccb3fcfd.jpg
12315153,//image.brilliantearth.com/media/cache/b3/68/b368bd0190b4aba540e0e9c0ac30a038.jpg
12409506,//image.brilliantearth.com/media/cache/a7/0d/a70d61465c516a8ed6ce8e6a53a2629c.jpg
12430317,//image.brilliantearth.com/media/cache/4a/cd/4acdc557a9eb769a29f33522e5e9b36f.jpg
12060000,//image.brilliantearth.com/media/cache/87/e9/87e9aa1878f3af18a8f3c09ef19fc5aa.jpg
12122733,//image.brilliantearth.com/media/cache/80/6d/806dac20d53f329bc361aaa16c8f2fa5.jpg
12417005,//image.brilliantearth.com/media/cache/40/0c/400c21efa842efa0792c5235270e3fbc.jpg
12397185,//image.brilliantearth.com/media/cache/e3/21/e32151c1bbb2ca1a8ea512b602313a2b.jpg
12416699,//image.brilliantearth.com/media/cache/fd/81/fd81a1614b1d0569da9db3b8961fba85.jpg
12443828,//image.brilliantearth.com/media/cache/d3/d8/d3d840ecaf2a2be273a36a1ca6d59193.jpg
12427594,//image.brilliantearth.com/media/cache/a3/ca/a3caf59f25fd42f658b714b2110a5cd9.jpg
12416475,//image.brilliantearth.com/media/cache/91/7e/917eee34f11ccbe15a230fb0d4550d17.jpg
12429638,//image.brilliantearth.com/media/cache/19/ba/19ba921a1cb9894cd23dd2fde2177607.jpg
12364135,//image.brilliantearth.com/media/cache/fa/b6/fab6ec2dd2c489a427a16b51b2785807.jpg
12500054,//image.brilliantearth.com/media/cache/e9/0a/e90a5fabc9ccf0b06e4ba0da48f84c7b.jpg
12368004,//image.brilliantearth.com/media/cache/50/b5/50b527b1e90b26a272eb81e5b98b194d.jpg
12059688,//image.brilliantearth.com/media/cache/b0/4f/b04f0fec706bc1ece549a523034e5234.jpg
12043595,//image.brilliantearth.com/media/cache/f2/72/f272f858c738887da3350aedf14769c3.jpg
12045366,//image.brilliantearth.com/media/cache/29/d4/29d46cdabf0f849bc85ffdcc0b582c5c.jpg
12372635,//image.brilliantearth.com/media/cache/bc/06/bc06a19b75c245d2a60adae8416dde90.jpg
12408556,//image.brilliantearth.com/media/cache/e5/35/e535ac52857167fe97e2f83954a8a920.jpg
12417783,//image.brilliantearth.com/media/cache/c0/73/c07375658b39b30238de569e60b11b4a.jpg
12071291,//image.brilliantearth.com/media/cache/65/4f/654fd40ade7dc0c2451f6ca3fe03db7a.jpg
12427783,//image.brilliantearth.com/media/cache/3e/a6/3ea604ac23228f2f474a3c2bdb52f616.jpg
